VABRMN;VABRSD;VABIND;VABLOD;VABNZD;VABCAD;VABNCL;VABPKB;VABCCM;VABCBO;VABCTR;VABTSP;VABCAS;VABTIC;VABVCA;VABCTM;VABRD2;VABPRD
1;GIORGIO MARTIGNAGO;VIA SANTANNA NR 12;COSTE DI MASER;;31010;1;1;80574;1;300;C;26-08069-90559;;;;;TV
2;Antonio Pugliese;Via Trento 12;Busto Garolfo;;20020;1;1;80574;1;300;C;26-08072-41662;;;;;MI
3;Francesca Dellerba;c/o LEdicola-FP;TARANTO;;74122;1;1;80574;1;300;C;04-08078-08516;;;;;TA
4;cesarini vera;via leopoldo ruspoli 72;roma;;00149;1;1;80574;1;300;C;17-08075-34756;;;;;RM
5;Sergio Chiurato;Via Tezze 11;Pianezze;;36060;1;1;80574;1;300;C;25-08077-65633;;;;;VI
6;Andrea mattoni;via san quirico 22;bettona;;06084;1;1;80574;1;300;C;04-08080-94703;;;;;PG
7;SALVATORE PETRONELLA;via Amedeo di Savoia 2;altamura;;70022;1;1;80574;1;300;C;22-08080-91508;;;;;BA
8;Rodolfo Tondo;Via Sottocolle 1;Buja;;33030;1;1;80574;1;300;C;14-08083-90237;;;;;UD
9;GIUSEPPE ROMANO;via Pretoria 164;POTENZA;;85100;1;1;80574;1;300;C;09-08086-24003;;;;;PZ
10;Romeo Wintingher;Strada della Santocchia - 13;San Feliciano - Magione;;06063;1;1;80574;1;300;C;23-08085-16021;;;;;PG
