VABRMN;VABRSD;VABIND;VABLOD;VABNZD;VABCAD;VABNCL;VABPKB;VABCCM;VABCBO;VABCTR;VABTSP;VABCAS;VABTIC;VABVCA;VABCTM;VABRD2;VABPRD
1;Gelsomino Torsiello;Via Della Repubblica,55;Castel San Pietro Terme;;40024;1;1;80574;1;300;C;26-07975-21930;;;;;BO
2;Gennaro De Luca;Via Pietà 13;Benevento;;82100;1;1;80574;1;300;C;18-07979-06677;;;;;BN
3;paolo mechelli;via piero donnini 25;livorno;;57121;1;1;80574;1;300;C;04-07976-68801;;;;;LI
4;Anna Bronzollino;Corso Umberto 2a;Cuglieri;;09073;1;1;80574;1;300;C;23-07979-43513;;;;;OR
5;Pegoraro Beatrice;Via Monte Priafora 3;Piovene Rocchette;;36013;1;1;80574;1;300;C;02-07980-45854;;;;;VI
6;Simone Elegante;Via Pratolini n°2/13;Mogliano Veneto;;31021;1;1;80574;1;300;C;03-07982-94011;;;;;TV
7;Roberto Rossi;via siracusa;padova;;35142;1;1;80574;1;300;C;13-07983-36147;;;;;PD
8;Fernando Genova;Via Vajont 8;Pianezza;;10044;1;1;80574;1;300;C;10-07986-85284;;;;;TO
9;Francesca Felline;Merine 31/b;lecce;;73100;1;1;80574;1;300;C;01-07986-85504;;;;;LE
10;Ronny Pecoraro;Via Provinciale c/da figurelle N1;San Martino di Taurianova;;89029;1;1;80574;1;300;C;06-07987-59776;;;;;RC
11;Riccardo Testoni c/o Testoni;Via Predda Niedda 6a;Sassari;;07100;1;1;80574;1;300;C;08-07988-74421;;;;;SS
12;Riccardo Luci;c/o Pc Tv Service-FP;ROMA;;00166;1;1;80574;1;300;C;19-07988-06070;;;;;RM
13;Riccardo Luci;c/o Pc Tv Service-FP;ROMA;;00166;1;1;80574;1;300;C;19-07988-06069;;;;;RM
14;Guido Dubesti;via A.Medicina 46d int.2;Serra Riccò;;16010;1;1;80574;1;300;C;08-07993-83927;;;;;GE
15;Giovanni Colombo;via Galileo Galilei n 27;casatenovo;;23880;1;1;80574;1;300;C;21-07990-99700;;;;;LC
16;Franca Magliocco;solarino 5;Siracusa;;96100;1;1;80574;1;300;C;07-07993-88489;;;;;SR
17;Umberto Vallati  c/o MANIFATTURA ITALIANA SRL;Isola, 4;Colonnella;;64010;1;1;80574;1;300;C;279944334014;;;;;TE
18;Umberto Vallati  c/o MANIFATTURA ITALIANA SRL;Isola, 4;Colonnella;;64010;1;1;80574;1;300;C;279944334014;;;;;TE
19;Umberto Vallati  c/o MANIFATTURA ITALIANA SRL;Isola, 4;Colonnella;;64010;1;1;80574;1;300;C;26-07990-71989;;;;;TE
20;Umberto Vallati  c/o MANIFATTURA ITALIANA SRL;Isola, 4;Colonnella;;64010;1;1;80574;1;300;C;26-07990-71989;;;;;TE
21;Rita Di Girolamo;Via Alessio Baldovinetti 116;Roma;;00142;1;1;80574;1;300;C;09-07996-80379;;;;;RM
22;Franco Urbani;Via Teofilo de Angelis, 14;Roma;;00124;1;1;80574;1;300;C;25-07994-48272;;;;;
23;GABRIELE EVALDI;VIA PARMA 91;BOLZANO;;39100;1;1;80574;1;300;C;24-08008-63295;;;;;
24;GABRIELE EVALDI;VIA PARMA 91;BOLZANO;;39100;1;1;80574;1;300;C;24-08008-63296;;;;;
25;ZAIRA MARIA AITA;VIA FILIPPO LIARDO, 40;CATANIA;;95125;1;1;80574;1;300;C;05-08000-36848;;;;;CT
26;Nicolino Ugo Liberanome;Via della Pineta n. 2;San Polo dei Cavalieri;;00010;1;1;80574;1;300;C;06-08004-85834;;;;;RM
27;Alessio Moisio;Via veneto 241;La Spezia;;19124;1;1;80574;1;300;C;13-08003-11788;;;;;SP
28;Francesco Maurigi;via Del Fante 54;PALERMO;;90146;1;1;80574;1;300;C;25-08002-69089;;;;;PA
29;Francesco Maurigi;via Del Fante 54;PALERMO;;90146;1;1;80574;1;300;C;11-08005-21128;;;;;PA
30;Michi Lucci;Via Contrada Colle San Giovenale n.5;Paliano;;03018;1;1;80574;1;300;C;16-08003-44627;;;;;FR
31;Maria Teresa Rossi;Viale Francesco Crispi 7;LAquila;;67100;1;1;80574;1;300;C;08-08008-87172;;;;;AQ
32;Lorenzo Adamo;c/o Tabaccheria del Miliardo-FP;REGGIO NELLEMILIA;;42124;1;1;80574;1;300;C;07-08000-21339;;;;;RE
33;Paolo Cora;Piazza Della Rovere 3/6;Savona;;17100;1;1;80574;1;300;C;29389;;;;;SV
34;Paolo Cora;Piazza Della Rovere 3/6;Savona;;17100;1;1;80574;1;300;C;29389;;;;;SV
35;Paolo Cora;Piazza Della Rovere 3/6;Savona;;17100;1;1;80574;1;300;C;29389;;;;;SV
36;Umberto Buelli;Via Domenico Buscaglia, 2/3;Savona;;17100;1;1;80574;1;300;C;29388;;;;;SV
