VABRMN;VABRSD;VABIND;VABLOD;VABNZD;VABCAD;VABNCL;VABPKB;VABCCM;VABCBO;VABCTR;VABTSP;VABCAS;VABTIC;VABVCA;VABCTM;VABRD2;VABPRD
1;gianluca missiroli;Macero Sauli 18;forli;;47122;1;1;80574;1;300;C;17-08008-49905;;;;;FC
2;Michele Daga;Vico Secondo Parrocchia, 4;Gonnosfanadiga;;09035;1;1;80574;1;300;C;01-08016-76149;;;;;SU
3;Pierpaolo Spanu;vico fermi 2;Dorgali;;08022;1;1;80574;1;300;C;06-08015-04850;;;;;NU
4;Semi d inchiostro di Britti Gianni;Via Serraloggia 24;Fabriano;;60044;1;1;80574;1;300;C;12-08015-27769;;;;;AN
5;Paolo Marini;strada Carpenedolo 13;Castel Goffredo;;46046;1;1;80574;1;300;C;08-08014-40730;;;;;MN
6;enzo sapere;via M.Peluso 12;salerno;;84135;1;1;80574;1;300;C;03-08016-47561;;;;;SA
7;Laura Tevini;Via Enrico Fermi 40;Brandico;;25030;1;1;80574;1;300;C;13-08014-99294;;;;;BS
8;Valentino Fiorucci;Via Claudio Monteverdi 2/B;Gubbio;;06024;1;1;80574;1;300;C;17-08014-43543;;;;;PG
9;Luigi Massimiliano Serra;c/o Buffetti - Oristano-FP;ORISTANO;;09170;1;1;80574;1;300;C;06-08019-26493;;;;;OR
10;vito lapetina;località osteria vecchia 3;rivoli veronese;;37010;1;1;80574;1;300;C;22-08018-06823;;;;;VR
11;Naz Mostarda;via Cantalice,19;Rieti;;02100;1;1;80574;1;300;C;24-08031-07136;;;;;RI
12;Alessandra Agrimano;via Marino 14;san severo;;71016;1;1;80574;1;300;C;01-08015-01746;;;;;FG
13;Pucci Stefano;via Melara, 36;Carrara;;54033;1;1;80574;1;300;C;09-08022-61576;;;;;MS
14;Rosario Angelo;Via Leonardo Da Vinci N° 27 C/O Susanna Bulgarella;Valderice;;91019;1;1;80574;1;300;C;23-08019-26251;;;;;TP
15;Simona Visconti;Viale G. Matteotti 98/100;Gossolengo;;29020;1;1;80574;1;300;C;04-08023-68171;;;;;PC
16;Pucci Stefano;via Melara, 36;Carrara;;54033;1;1;80574;1;300;C;09-08022-61574;;;;;MS
17;Pucci Stefano;via Melara, 36;Carrara;;54033;1;1;80574;1;300;C;09-08022-61575;;;;;MS
18;Pucci Stefano;via Melara, 36;Carrara;;54033;1;1;80574;1;300;C;09-08022-61575;;;;;MS
19;chiara prendin;via gioranzan 1;camisano vic;;36043;1;1;80574;1;300;C;08-08023-86490;;;;;VI
20;OFFICINE 977 SRL C.A. STEFANO CITRINITI;via bellino, 75/a;CATANZARO;;88100;1;1;80574;1;300;C;15-08022-32872;;;;;CZ
21;Antonella Quaranta;via Balzac 22;roma;;00143;1;1;80574;1;300;C;07-08030-04886;;;;;RM
22;MICHELE SALERNO;via N.Laterza,14/4;POMARICO;;75016;1;1;80574;1;300;C;02-08030-51512;;;;;MT
23;Lotfi Miled;Via Roma  113;Airasca;;10060;1;1;80574;1;300;C;17-08024-48197;;;;;TO
24;Woodini srls;Via Umberto Migliaccio 6;Marano di Napoli;;80016;1;1;80574;1;300;C;27-08023-99931;;;;;NA
25;Massimiliano   Santoni;c/o AER spa;Scopeti - Rufina;;50068;1;1;80574;1;300;C;22-08027-80320;;;;;FI
26;Farina renata;Via Brescia N 39;Manerbio (BS);;25025;1;1;80574;1;300;C;24-08042-55567;;;;;Italia
27;roberto vita;montalbano;Casalguidi serravalle pistoiese;;51034;1;1;80574;1;300;C;16-08032-85983;;;;;PT
28;KAOS TEATRO;Via Antonio Dionisi 52;Roma;;00151;1;1;80574;1;300;C;17-08032-30058;;;;;RM
29;Carmelo Nobile;via lelio basso 17;Favara;;92026;1;1;80574;1;300;C;20-08031-38334;;;;;AG
30;CMD DI CARLINI GIUSEPPE;via Ponte 62;Verucchio;;47826;1;1;80574;1;300;C;05-08035-16165;;;;;RN
