Kundennummer,EbayName,Versandart,Versandkosten,Zahlart,Firma,Anrede,Name,Strasse,Land,PLZ,Ort,Telefon,fax,email,auktionsgruppe,Lieferanschrift,LFirma,Lname,Lstrasse,Lplz,Lort,LLand,Gruppensumme,Zahlartenaufschlag,Versandgruppe,Gewicht,ReNr,EbayVersand,Zinfo,ISOLLand,ISOLand,EKNummer,Anschrift2,Lanschrift2,Logistikerversandart,Artikelnummer,Artikelname,EAN,MengeEAN,Bundesland,LBundesland,Memo,MarkierungsID,MengeProduktID,LTelefon
,,,,,"Manuel Agüera Ostos",,"Barriada Santa Barbara Bloque A nº1    2Derecha",,,41013,Sevilla,1,,,,,,,,,,,,,,,,,,ES,,,,,,299,,,,,,,,,
,,,,,"Paqui Luis quintero",,06700,N/20-1-D,,06700,"Villanueva de la serena",1,,,,,,,,,,,,,,,,,,ES,,,,,,582,,,,,,,,,
,,,,,"Günter van Saan",,28668482,"Packstation 167",,40627,Düsseldorf,1,,,,,,,,,,,,,,,,,,DE,,,,,,299,,,,,,,,,
,,,,,"Carina Abels",,"Elisabethstraße 52",,,40217,Düsseldorf,1,,,,,,,,,,,,,,,,,,DE,,,,,,161,,,,,,,,,
,,,,,"Carina Abels",,"Landsberger Str. 78",,,53119,Bonn,1,,,,,,,,,,,,,,,,,,DE,,,,,,161,,,,,,,,,
,,,,,"Mario Theska",,"Bürgermeister-Bennecke-Str. 9",,,31832,Springe,1,,,,,,,,,,,,,,,,,,DE,,,,,,158,,,,,,,,,
,,,,,"Nicole Kreis",,"Christian Hünseler Straße 2",,,50859,Köln,1,,,,,,,,,,,,,,,,,,DE,,,,,,605,,,,,,,,,
,,,,,"Michael Deifel",,"Michael Deifel Friseure","Schurzallee Nord 4",,20537,Hamburg,1,,,,,,,,,,,,,,,,,,DE,,,,,,87,,,,,,,,,
,,,,,"Michael Heydler",,23071294,"Packstation 140",,28259,Bremen,1,,,,,,,,,,,,,,,,,,DE,,,,,,588,,,,,,,,,
,,,,,"Tiago Lopes",,"Jürgen-Töpfer-Str. 10",,,22763,Hamburg,1,,,,,,,,,,,,,,,,,,DE,,,,,,111,,,,,,,,,
,,,,,"Michael Steffens",,Rescheid,65,,53940,Hellenthal,1,,,,,,,,,,,,,,,,,,DE,,,,,,176,,,,,,,,,
,,,,,"Martin Geoffrey",,"rue docteur Schweitzer 32",,,04460,Grâce-Hollogne,1,,,,,,,,,,,,,,,,,,BE,,,,,,299,,,,,,,,,
,,,,,"Gordon BelowPOStudio",,"Keplerstr 10",,,74357,Bönnigheim,1,,,,,,,,,,,,,,,,,,DE,,,,,,299,,,,,,,,,
,,,,,"Thomas  Braun",,"BRAUN ImmoWert | Essen & Leipzig","Hasenheide 2a",,04316,Leipzig,1,,,,,,,,,,,,,,,,,,DE,,,,,,299,,,,,,,,,
,,,,,"Lucien Bayol",,"291 Av Général Norbert Riera","Villa Marc Aurèle Bat. C",,83600,FREJUS,1,,,,,,,,,,,,,,,,,,FR,,,,,,641,,,,,,,,,
,,,,,"José Antonio Martínez Riquelme",,"Calle Amistad, Nº 11",,,30500,"Molina de Segura",1,,,,,,,,,,,,,,,,,,ES,,,,,,897,,,,,,,,,
,,,,,"Daniel varela varela",,"Calle Río Louzaneta 31",,,27297,Lugo,1,,,,,,,,,,,,,,,,,,ES,,,,,,582,,,,,,,,,
,,,,,"Anthony Schubert",,"Elisabeth-Mara-Straße 5",,,10117,Berlin,2,,,,,,,,,,,,,,,,,,DE,,,,,,182,,,,,,,,,
,,,,,"Yann Biaud",,"108 rue lemercier","bat 6 app 641",,75017,Paris,1,,,,,,,,,,,,,,,,,,FR,,,,,,263,,,,,,,,,
,,,,,"Romain Marsaly",,"6 B rue des Vinets",,,17350,"Port d'Envaux",1,,,,,,,,,,,,,,,,,,FR,,,,,,303,,,,,,,,,
,,,,,"Berek valeria",,"700 Route de Nîmes",,,34170,"Castelnau Le Lez",1,,,,,,,,,,,,,,,,,,FR,,,,,,896,,,,,,,,,
,,,,,"Pourbaix Maite",,"8 rue saint-aubin","2ème étage",,49100,angers,1,,,,,,,,,,,,,,,,,,FR,,,,,,580,,,,,,,,,
,,,,,"Tanchoux Pascaline",,"10 rue Georges clemenceau",,,36290,Paulnay,1,,,,,,,,,,,,,,,,,,FR,,,,,,160,,,,,,,,,
,,,,,"Jacquemart delphine",,"67 rue pasteur",,,59114,Terdeghem,1,,,,,,,,,,,,,,,,,,FR,,,,,,573,,,,,,,,,
,,,,,"WINTZERITH ANNE-SOPHIE",,"41 B Rue de Montauban",,,38300,"Bourgoin Jallieu",1,,,,,,,,,,,,,,,,,,FR,,,,,,644,,,,,,,,,
,,,,,"vannieuwenhuyse nicolas",,"4 rue de beaumetz",,,80370,bernaville,1,,,,,,,,,,,,,,,,,,FR,,,,,,641,,,,,,,,,
,,,,,"Christophe boitton",,"600 route saint genix",,,38490,Aoste,1,,,,,,,,,,,,,,,,,,FR,,,,,,565,,,,,,,,,
,,,,,"isabelle bourgeois",,"57 rue des bois",,,60350,"cuise la motte",1,,,,,,,,,,,,,,,,,,FR,,,,,,641,,,,,,,,,
,,,,,"Favella djoubri",,"25 rue Pierre Corneille","Résidence Marie Marving - appartement 13",,76300,"sotteville les rouen",1,,,,,,,,,,,,,,,,,,FR,,,,,,582,,,,,,,,,
,,,,,"SEINCE CHRISTELLE",,"5 Allée des Pins",,,77210,SAMOREAU,1,,,,,,,,,,,,,,,,,,FR,,,,,,1014,,,,,,,,,
,,,,,"BERNARD CELINE",,"IMPASSE DE LA BARDE ANTONIAC",,,24430,"RAZAC SUR L ISLE",1,,,,,,,,,,,,,,,,,,FR,,,,,,896,,,,,,,,,
,,,,,"Pic Maker'sPOsupport lumiere borne 2",,"15 rue de cronstadt",,,59000,Lille,1,,,,,,,,,,,,,,,,,,FR,,,,,,40,,,,,,,,,
,,,,,"Drakon Mavromatis",,"Karl-Liebknecht-Str. 9","A0401 _c/o Witt",,10178,Berlin,,,,,,,,,,,,,,,,,,,DE,,,,,,242,,,,,,,,,
,,,,,"Andrea Richter",,Dorfstraße,15,,99518,Rannstedt,,,,,,,,,,,,,,,,,,,DE,,,,,,176,,,,,,,,,
,,,,,"Alfred Grünhofer GmbH",,"Dr.-Thann-Str. 5",,,83059,Kolbermoor,,,,,,,,,,,,,,,,,,,DE,,,,,,567,,,,,,,,,
,,,,,"Inge Baumann",,"Heubacherstraße 15",,,73560,Böbingen,,,,,,,,,,,,,,,,,,,DE,,,,,,643,,,,,,,,,
,,,,,"HOLM GmbH | Daniela Claassen",,"Bessie-Coleman-Str. 7","Gateway Gardens",,60549,"Frankfurt am Main",,,,,,,,,,,,,,,,,,,DE,,,,,,609,,,,,,,,,
,,,,,"Werner Meier",,"Saarbrücker Straße 251",,,66125,Saarbrücken,,,,,,,,,,,,,,,,,,,DE,,,,,,166,,,,,,,,,
,,,,,"OTHMANE BENZAGHOU",,"3 B Rue Paul Gillet",,,92600,Asnières-sur-Seine,0651885664,,,,,,,,,,,,,,,,,,FR,,,,,,19,,,,,,,,,
,,,,,"Paolo Petrini",,128,"Rue De L’abbe Groult",,75015,Paris,,,,,,,,,,,,,,,,,,,FR,,,,,,1395,,,,,,,,,
,,,,,"Paolo Petrini",,128,"Rue De L’abbe Groult",,75015,Paris,,,,,,,,,,,,,,,,,,,FR,,,,,,1395,,,,,,,,,
,,,,,"SONIA ARGENTIN",,"28 B RUE AMAND AGASSE",,,76600,"LE HAVRE",,,,,,,,,,,,,,,,,,,FR,,,,,,565,,,,,,,,,
,,,,,"CHLOE NOIRY",,"1099 ROUTE DE CHATELUS",,,42680,"ST MARCELLIN EN FOREZ",,,,,,,,,,,,,,,,,,,FR,,,,,,895,,,,,,,,,
,,,,,"VILLAIN NATHALIE",,"30 RUE GERMINAL",,,80100,ABBEVILLE,,,,,,,,,,,,,,,,,,,FR,,,,,,585,,,,,,,,,
,,,,,"LAURA CHANTEREAU",,"32 AVENUE DE BORDEAUX",,,86490,"BEAUMONT ST CYR",,,,,,,,,,,,,,,,,,,FR,,,,,,565,,,,,,,,,
,,,,,"MARTINE WATEL",,"RUE DE PINON",,,73700,"BOURG ST MAURICE",,,,,,,,,,,,,,,,,,,FR,,,,,,565,,,,,,,,,
,,,,,"MEGUE MPUTU ILENDA",,"61 RUE DU COLONEL FABIEN",,,94460,VALENTON,,,,,,,,,,,,,,,,,,,FR,,,,,,605,,,,,,,,,
,,,,,"MEGUE MPUTU ILENDA",,"61 RUE DU COLONEL FABIEN",,,94460,VALENTON,,,,,,,,,,,,,,,,,,,FR,,,,,,618,,,,,,,,,
,,,,,"AURORE LEBLOND",,"3 LA CHESNAIE",,,35130,"LA GUERCHE DE BRETAGNE",,,,,,,,,,,,,,,,,,,FR,,,,,,735,,,,,,,,,
