VABRMN;VABRSD;VABIND;VABLOD;VABNZD;VABCAD;VABNCL;VABPKB;VABCCM;VABCBO;VABCTR;VABTSP;VABCAS;VABTIC;VABVCA;VABCTM;VABRD2;VABPRD
1;Fabiola Peciola;Via Domenico Arcangeli, 5;Spoleto;;06049;1;1;80574;1;300;C;29376;;;;;PG
2;Angela Conte;Via delle scuole 1;Trento;;38121;1;1;80574;1;300;C;29377;;;;;TN
3;Angela Conte;Via delle scuole 1;Trento;;38121;1;1;80574;1;300;C;29377;;;;;TN
4;Giuseppina Bonanno;Via Anastasio ll n 102;Roma;;00165;1;1;80574;1;300;C;26-07923-03909;;;;;RM
5;Brian Lepore;via monte nero 30;san giuliano milanese;;20098;1;1;80574;1;300;C;13-07925-48035;;;;;MI
6;andrea filippelli;via degli olivi 9;terricciola;;56030;1;1;80574;1;300;C;26-07921-28695;;;;;PI
7;Nicola Riola;via Misciuni, 24;Forchia;;82011;1;1;80574;1;300;C;03-07924-77376;;;;;BN
8;Maurizio Suppo;Via Giuseppe Verdi 11;Villata;;13010;1;1;80574;1;300;C;15-07926-92337;;;;;VC
9;Alessandro Mineo;via kennedy 16/A;misterbianco;;95045;1;1;80574;1;300;C;06-07928-82253;;;;;CT
