VABRMN;VABRSD;VABIND;VABLOD;VABNZD;VABCAD;VABNCL;VABPKB;VABCCM;VABCBO;VABCTR;VABTSP;VABCAS;VABTIC;VABVCA;VABCTM;VABRD2;VABPRD
1;Marcello Daidone;Via Mario Brunetti 5;Mestre;;30173;1;1;80574;1;300;C;02-07935-86186;;;;;VE
2;Giordano Iapalucci;Via Agnoletti 6;Firenze;;50141;1;1;80574;1;300;C;15-07933-25125;;;;;FI
3;ERMANNO PEROTTI;via dei monti - II tratto  n.237;reggio calabria;;89135;1;1;80574;1;300;C;14-07935-88769;;;;;RC
4;alice colombu;Via rinascita 14;Sant’Antioco;;09017;1;1;80574;1;300;C;19-07934-27045;;;;;SU
5;Paolo Poma;C/da Casalbianco n 19;Valderice;;91019;1;1;80574;1;300;C;05-07937-51230;;;;;TP
6;Silvia Ricci;strada comunale Romito Trebiano, 21;Arcola;;19021;1;1;80574;1;300;C;08-07938-51356;;;;;SP
7;Marco Cobelli;Via della costituzione N.19;Guidizzolo;;46040;1;1;80574;1;300;C;27-07932-27674;;;;;MN
8;Antonio Fiscina;Via Trento 24;SAN MINIATO;;56028;1;1;80574;1;300;C;08-07935-31687;;;;;PI
9;Claudia Cardone;Via Canosa 51;Barletta;;76121;1;1;80574;1;300;C;12-07938-55908;;;;;BT
