VABRMN;VABRSD;VABIND;VABLOD;VABNZD;VABCAD;VABNCL;VABPKB;VABCCM;VABCBO;VABCTR;VABTSP;VABCAS;VABTIC;VABVCA;VABCTM;VABRD2;VABPRD
1;franco valori;veneto 2 ang via marruota 153;Montecatini;;51016;1;1;80574;1;300;C;11-07814-44254;;;;;PT
2;Studio tecnico TQD;Via Antiche Fornaci 31;Cremona;;26100;1;1;80574;1;300;C;03-07813-30760;;;;;CR
4;Francesco Cisaro;Via San Marco 17;Tremosine sul Garda;;25010;1;1;80574;1;300;C;11-07816-31798;;;;;BS
5;Venturi Matteo  c/o Fallani Morena Fallani;via cavalieri di Vittorio Veneto 6/a;Scandicci;;50018;1;1;80574;1;300;C;04-07824-54053;;;;;FI
6;Giuseppe Matteini;Via Fratelli di Dio 323;Sesto San Giovanni;;20099;1;1;80574;1;300;C;02-07830-65712;;;;;MI
7;Francesco Maurigi;via Del Fante 54;PALERMO;;90146;1;1;80574;1;300;C;25-07825-70359;;;;;PA
8;Katia Passalacqua;C.so Italia 426;San Pier Niceto;;98045;1;1;80574;1;300;C;24-07846-89508;;;;;ME
9;Gianni Penasa;Piazza Loreto 26;Lavis;;38015;1;1;80574;1;300;C;07-07834-86391;;;;;TN
10;fotorama 2;c.so de gasperi 23;torino;;10129;1;1;80574;1;300;C;09-07838-00335;;;;;TO
11;laura dal borgo C/O Iris ceramica spa;via Ghiarola nuova 119;Fiorano Modenese;;41049;1;1;80574;1;300;C;22-07835-58018;;;;;MO
12;Filippo Castrignano;Via Magenta, 40;Monopoli;;70043;1;1;80574;1;300;C;13-07837-38237;;;;;BA
13;Renato Marino;via Liberta 9/b;Carlentini;;96013;1;1;80574;1;300;C;18-07838-99115;;;;;SR
14;Guido Aloi;Via Genova 194;Torino;;10127;1;1;80574;1;300;C;20-07838-14240;;;;;TO
