VABRMN;VABRSD;VABIND;VABLOD;VABNZD;VABCAD;VABNCL;VABPKB;VABCCM;VABCBO;VABCTR;VABTSP;VABCAS;VABTIC;VABVCA;VABCTM;VABRD2;VABPRD
1;Angelo Donvito;Via Cavour 22;palagianello;;74018;1;1;80574;1;300;C;01-08188-01296;;;;;TA
2;Maria Francesca Suriano;Corso della Vittoria 51;Montegiordano;;87070;1;1;80574;1;300;C;05-08189-39447;;;;;CS
3;Lorenza Denaro;Via Roma 429;Enna;;94100;1;1;80574;1;300;C;16-08185-44803;;;;;EN
4;coluzzi massimo;VIA SERRENTI 140;PASSOSCURO;;00054;1;1;80574;1;300;C;25-08183-57911;;;;;RM
5;Florence Classical Arts Academy  Molugov;via delle panche 140;Firenze;;50141;1;1;80574;1;300;C;25-08184-71935;;;;;FI
