Kundennummer,EbayName,Versandart,Versandkosten,Zahlart,Firma,Anrede,Name,Strasse,Land,PLZ,Ort,Telefon,fax,email,auktionsgruppe,Lieferanschrift,LFirma,Lname,Lstrasse,Lplz,Lort,LLand,Gruppensumme,Zahlartenaufschlag,Versandgruppe,Gewicht,ReNr,EbayVersand,Zinfo,ISOLLand,ISOLand,EKNummer,Anschrift2,Lanschrift2,Logistikerversandart,Artikelnummer,Artikelname,EAN,MengeEAN,Bundesland,LBundesland,Memo,MarkierungsID,MengeProduktID,LTelefon
,,,,,"Nadine Bantle",,"Bittelbrunnenstraße 30",,,78652,Deisslingen,,,,,,,,,,,,,,,,,,,DE,,,,,,610,,,,,,,,,
,,,,,"Sandra Vollmer",,"Woxdorfer Weg 17 b",,,21224,Rosengarten,,,,,,,,,,,,,,,,,,,DE,,,,,,346,,,,,,,,,
,,,,,"Christian Friederichs",,"Goethestr. 11",,,75038,Oberderdingen,,,,,,,,,,,,,,,,,,,DE,,,,,,509,,,,,,,,,
,,,,,"Dirk Olefs",,"Gerart-von-Bure-Strasse 18",,,50170,Kerpen-Buir,,,,,,,,,,,,,,,,,,,DE,,,,,,50,,,,,,,,,
,,,,,"Marco Becker",,"Friedrich-Hölderlin-Str. 18",,,51503,Rösrath,,,,,,,,,,,,,,,,,,,DE,,,,,,961,,,,,,,,,
,,,,,"Maximilian Uhlig",,"Birkenstraße 6",,,56812,Cochem,,,,,,,,,,,,,,,,,,,DE,,,,,,172,,,,,,,,,
,,,,,"Annett Sonntag c/o Deloitte",,"Kurfürstendamm 23",,,10719,Berlin,,,,,,,,,,,,,,,,,,,DE,,,,,,37,,,,,,,,,
,,,,,"ahmet murat irmakkesen",,wacksstr.7,,,74072,heilbronn,,,,,,,,,,,,,,,,,,,DE,,,,,,677,,,,,,,,,
,,,,,"Hans Wollner",,"Hiltpoltsteiner Str.",41,,90411,Nürnberg,,,,,,,,,,,,,,,,,,,DE,,,,,,636,,,,,,,,,
,,,,,"Dirk Olefs",,"Gerart-von-Bure-Strasse 18",,,50170,Kerpen-Buir,,,,,,,,,,,,,,,,,,,DE,,,,,,159,,,,,,,,,
,,,,,"Meier Hans-Jörg",,"Im Straßfeld 2",,,85128,Nassenfels,,,,,,,,,,,,,,,,,,,DE,,,,,,708,,,,,,,,,
