VABRMN;VABRSD;VABIND;VABLOD;VABNZD;VABCAD;VABNCL;VABPKB;VABCCM;VABCBO;VABCTR;VABTSP;VABCAS;VABTIC;VABVCA;VABCTM;VABRD2;VABPRD
1;Giuseppino Pulicano;via Gaetano Pilati, 50;Figline Valdarno;;50063;1;1;80574;1;300;C;20-07405-59244;;;;;FI
2;andrea mureddu;via santa gemma galgani 1;calangianus;;07023;1;1;80574;1;300;C;13-07406-42193;;;;;SS
3;andrea mureddu;via santa gemma galgani 1;calangianus;;07023;1;1;80574;1;300;C;13-07406-42192;;;;;SS
4;Donatella Ferrari;Via molini, 27;Niardo;;25050;1;1;80574;1;300;C;08-07408-92218;;;;;BS
5;Alessandro Salvatori;Via Giulio Bizzozero, 7;Roma;;00123;1;1;80574;1;300;C;06-07418-57965;;;;;RM
6;Alessandro Salvatori;Via Giulio Bizzozero, 7;Roma;;00123;1;1;80574;1;300;C;06-07418-57966;;;;;RM
8;Alessandro Salvatori;Via Giulio Bizzozero, 7;Roma;;00123;1;1;80574;1;300;C;06-07418-57967;;;;;RM
10;gioacchino d ambrosio;via  a . volta  n.3;orta  di  atella;;81030;1;1;80574;1;300;C;09-07421-80286;;;;;CE
11;Alessandro Vasai;via Roma 10;Loro Ciuffenna;;52024;1;1;80574;1;300;C;08-07424-29941;;;;;AR
12;Claudio Rocci;Via Canapificio 7;Crocetta del Montello;;31035;1;1;80574;1;300;C;20-07426-64972;;;;;TV
13;Cristina Cadeddu;Piazza Maggior toselli  9;La maddalena;;07024;1;1;80574;1;300;C;20-07426-33679;;;;;SS
14;Gianluca Sferlazza;Via Campostefano 234;Arce;;03032;1;1;80574;1;300;C;10-07430-92871;;;;;FR
15;biagio cosentino;Contrada Cozzo Delle Forche Snc;augusta;;96011;1;1;80574;1;300;C;11-07432-95049;;;;;SR
16;Angelo Bologni Destefani;via fossola, 43;San Matteo Delle Chiaviche;;46019;1;1;80574;1;300;C;12-07431-60379;;;;;MN
17;Stefano Demitry;Via Giovanni Molineri 47/2;Andora;;17051;1;1;80574;1;300;C;19-07429-92196;;;;;SV
18;Simona Cavallo;Via nazionale 154;Villar Perosa;;10069;1;1;80574;1;300;C;16-07434-17049;;;;;TO
19;Filippo Sergio  Saia;viale san Teodoro 4/i;catania;;95121;1;1;80574;1;300;C;08-07436-13247;;;;;CT
20;Amarcordfotovideo Sas;Via G. Manfredi 23;Piacenza;;29100;1;1;80574;1;300;C;06-07436-87704;;;;;PC
21;Davide Valenti;via francesco crispi 21;Capo dOrlando;;98071;1;1;80574;1;300;C;25-07437-28904;;;;;ME
22;Massimiliano Russo;via Castaldi e Sequino N.8;Napoli;;80126;1;1;80574;1;300;C;07-07440-06370;;;;;NA
23;FOTO ZINI srl;centro ESP via Marco Bussato 40;RAVENNA;;48124;1;1;80574;1;300;C;17-07440-90186;;;;;RA
24;paola cocco;vicolo dei tigli 213;san giorgio in bosco;;35010;1;1;80574;1;300;C;22-07438-43205;;;;;PD
25;paola cocco;vicolo dei tigli 213;san giorgio in bosco;;35010;1;1;80574;1;300;C;22-07438-43206;;;;;PD
26;Claudio Rocci;Via Canapificio 7;Crocetta del Montello;;31035;1;1;80574;1;300;C;07-07445-72431;;;;;TV
27;Antonio Maccari;Via Giuseppe Verdi , 14;San Felice Circeo;;04017;1;1;80574;1;300;C;04-07449-37611;;;;;LT
28;pietro poggiani;Via le Salzare, 3;Fossignano;;04011;1;1;80574;1;300;C;02-07449-87064;;;;;LT
29;pierangelo arianti;via Umberto I° ,32;urago doglio;;25030;1;1;80574;1;300;C;06-07450-10782;;;;;BS
30;pierangelo arianti;via Umberto I° ,32;urago doglio;;25030;1;1;80574;1;300;C;06-07450-10781;;;;;BS
31;Jgor Tomasini;Via Terrapieni 2;Casina;;42034;1;1;80574;1;300;C;15-07452-93084;;;;;RE
32;Maria Caterina Di Perri;Via Francesco Crispi N. 4;Messina;;98121;1;1;80574;1;300;C;19-07451-22120;;;;;ME
33;Gianluca Sferlazza;Via Campostefano 234;Arce;;03032;1;1;80574;1;300;C;07-07457-11705;;;;;FR
34;Alessandro Mastrostefano;Via DellOrsa Maggiore 33;Roma;;00144;1;1;80574;1;300;C;19-07455-21763;;;;;RM
35;Alessandro Mastrostefano;Via DellOrsa Maggiore 33;Roma;;00144;1;1;80574;1;300;C;19-07455-21761;;;;;RM
36;Alessandro Mastrostefano;Via DellOrsa Maggiore 33;Roma;;00144;1;1;80574;1;300;C;19-07455-21760;;;;;RM
37;Compagnone Antonio;Via Eugenio Perrotta N 72;Succivo;;81030;1;1;80574;1;300;C;12-07458-78793;;;;;CE
