Kundennummer,EbayName,Versandart,Versandkosten,Zahlart,Firma,Anrede,Name,Strasse,Land,PLZ,Ort,Telefon,fax,email,auktionsgruppe,Lieferanschrift,LFirma,Lname,Lstrasse,Lplz,Lort,LLand,Gruppensumme,Zahlartenaufschlag,Versandgruppe,Gewicht,ReNr,EbayVersand,Zinfo,ISOLLand,ISOLand,EKNummer,Anschrift2,Lanschrift2,Logistikerversandart,Artikelnummer,Artikelname,EAN,MengeEAN,Bundesland,LBundesland,Memo,MarkierungsID,MengeProduktID,LTelefon
,,,,,"Jörg Westermann",,"Sirnauer Straße 4",,,73728,Esslingen,,,,,,,,,,,,,,,,,,,DE,,,,,,121,,,,,,,,,
,,,,,"Waltraud Oechler",,"Ludwig-Thoma-Str. 4",,,94405,Landau,,,,,,,,,,,,,,,,,,,DE,,,,,,87,,,,,,,,,
,,,,,"Michael Uhing",,"Bothenbäumchen 92",,,41169,Mönchengladbach,,,,,,,,,,,,,,,,,,,DE,,,,,,608,,,,,,,,,
,,,,,"Joachim Späth",,"Hillernstr. 21",,,82487,Oberammergau,,,,,,,,,,,,,,,,,,,DE,,,,,,669,,,,,,,,,
