VABRMN;VABRSD;VABIND;VABLOD;VABNZD;VABCAD;VABNCL;VABPKB;VABCCM;VABCBO;VABCTR;VABTSP;VABCAS;VABTIC;VABVCA;VABCTM;VABRD2;VABPRD
1;Officina Meccanica GoriMotors;Zona Artigianale Prato , 7;Macerata Feltria;;61023;1;1;80574;1;300;C;01-08234-20176;;;;;PS
2;Officina Meccanica GoriMotors;Zona Artigianale Prato , 7;Macerata Feltria;;61023;1;1;80574;1;300;C;01-08234-20176;;;;;PS
3;Officina Meccanica GoriMotors;Zona Artigianale Prato , 7;Macerata Feltria;;61023;1;1;80574;1;300;C;01-08234-20175;;;;;PS
4;Giacomo Atzeni;via Barletta 92;Torino;;10136;1;1;80574;1;300;C;171-3115100-7229957;;;;;TO
5;DEVID SBEGHEN;Vicolo Monte Cengio, 10;San Martino Di Lupari;;35018;1;1;80574;1;300;C;29404;;;;;PD
6;DEVID SBEGHEN;Vicolo Monte Cengio, 10;San Martino Di Lupari;;35018;1;1;80574;1;300;C;29404;;;;;PD
7;DEVID SBEGHEN;Vicolo Monte Cengio, 10;San Martino Di Lupari;;35018;1;1;80574;1;300;C;29404;;;;;PD
