Kundennummer,EbayName,Versandart,Versandkosten,Zahlart,Firma,Anrede,Name,Strasse,Land,PLZ,Ort,Telefon,fax,email,auktionsgruppe,Lieferanschrift,LFirma,Lname,Lstrasse,Lplz,Lort,LLand,Gruppensumme,Zahlartenaufschlag,Versandgruppe,Gewicht,ReNr,EbayVersand,Zinfo,ISOLLand,ISOLand,EKNummer,Anschrift2,Lanschrift2,Logistikerversandart,Artikelnummer,Artikelname,EAN,MengeEAN,Bundesland,LBundesland,Memo,MarkierungsID,MengeProduktID,LTelefon
,,,,,"Angela Buge",,"Hemstedt 41",,,39638,"Gardelegen / OT Hemstedt",1,,,,,,,,,,,,,,,,,,DE,,,,,,299,,,,,,,,,
,,,,,"Steel Vintage Bikes GmbH",,"Siegfriedstr. 52","c/o Warenannahme Ullrich GmbH",,10365,Berlin,,,,,,,,,,,,,,,,,,,DE,,,,,,84,,,,,,,,,
,,,,,"J. und R. Schmidt",,"Rottberg 1",,,84416,Taufkirchen,,,,,,,,,,,,,,,,,,,DE,,,,,,600,,,,,,,,,
,,,,,"LAURENT PESCI",,"RUE DE LA CULATTE",,,06420,VALDEBLORE,,,,,,,,,,,,,,,,,,,FR,,,,,,678,,,,,,,,,
