VABRMN;VABRSD;VABIND;VABLOD;VABNZD;VABCAD;VABNCL;VABPKB;VABCCM;VABCBO;VABCTR;VABTSP;VABCAS;VABTIC;VABVCA;VABCTM;VABRD2;VABPRD
1;Ursula LAGUERRE;28 rue Bernard Gante;Villemomble;;93250;1;1;80574;1;300;C;29369;;;;;
2;Fabiola Peciola;Via Domenico Arcangeli, 5;Spoleto;;06049;1;1;80574;1;300;C;29376;;;;;PG
3;Franco Urbani;Via Teofilo de Angelis, 14;Roma;;00124;1;1;80574;1;300;C;04-07912-68718;;;;;
4;David Lindstrom;via san matteo 29;Napoli;;80132;1;1;80574;1;300;C;13-07914-12364;;;;;NA
5;Negri Giuseppe;via Sant Anna, 32;Motta Visconti;;20086;1;1;80574;1;300;C;21-07909-36116;;;;;MI
6;nicola genzano;VIALE UMBERTO I 117;NIZZA MONFERRATO;;14049;1;1;80574;1;300;C;09-07914-81312;;;;;AT
7;Negri Giuseppe;via Sant Anna, 32;Motta Visconti;;20086;1;1;80574;1;300;C;21-07909-36115;;;;;MI
8;Sandro DAmore;Via corso Sempione 10;Gallarate;;21013;1;1;80574;1;300;C;05-07918-02437;;;;;VA
9;Sabrina Rutigliano;Via michetti;Corato;;70033;1;1;80574;1;300;C;18-07915-44391;;;;;BA
10;Elena Straicu;via Gora e Barbatole 59;Pistoia;;51100;1;1;80574;1;300;C;17-07917-48391;;;;;PT
11;Angela Conte;Via delle scuole 1;Trento;;38121;1;1;80574;1;300;C;29377;;;;;TN
12;Angela Conte;Via delle scuole 1;Trento;;38121;1;1;80574;1;300;C;29377;;;;;TN
