VABRMN;VABRSD;VABIND;VABLOD;VABNZD;VABCAD;VABNCL;VABPKB;VABCCM;VABCBO;VABCTR;VABTSP;VABCAS;VABTIC;VABVCA;VABCTM;VABRD2;VABPRD
1;TALIANI GIACINTO;Via Fabio Filzi n 3;Beinasco;;10092;1;1;80574;1;300;C;08-08219-82693;;;;;TO
2;giorgio martignago;via santanna n 12;coste di maser;;31010;1;1;80574;1;300;C;15-08220-08319;;;;;TV
3;Angelo Massimo PICARDELLO;Via Domenico Berti 10;Roma;;00135;1;1;80574;1;300;C;07-08222-56959;;;;;RM
4;Angelo Massimo PICARDELLO;Via Domenico Berti 10;Roma;;00135;1;1;80574;1;300;C;07-08222-56959;;;;;RM
5;paolo javarone c/o top gomme di stefano speroni;via a.e. devoto n 44;chiavari;;16043;1;1;80574;1;300;C;23-08218-96228;;;;;GE
6;Alessandro Camposeo;Via Martiri Di Via Fani 36;carovigno;;72012;1;1;80574;1;300;C;07-08225-36633;;;;;BR
7;MARTA PAU;VIA TOGLIATTI 13;DOMUSNOVAS;;09015;1;1;80574;1;300;C;26-08220-62693;;;;;SU
8;Laura Piredda;europa 41/d;crema;;26013;1;1;80574;1;300;C;15-08222-79471;;;;;CR
9;COSTANTINO PRELLI;VIA MAZZINI 1;CARCHITTI;;00036;1;1;80574;1;300;C;11-08227-26642;;;;;RM
10;Pucci Stefano;via Melara, 36;Carrara;;54033;1;1;80574;1;300;C;11-08229-01027;;;;;MS
11;Viviana Matricardi;Via Aldo Moro 173;Sambuceto;;66020;1;1;80574;1;300;C;16-08220-54151;;;;;CH
