Kundennummer,EbayName,Versandart,Versandkosten,Zahlart,Firma,Anrede,Name,Strasse,Land,PLZ,Ort,Telefon,fax,email,auktionsgruppe,Lieferanschrift,LFirma,Lname,Lstrasse,Lplz,Lort,LLand,Gruppensumme,Zahlartenaufschlag,Versandgruppe,Gewicht,ReNr,EbayVersand,Zinfo,ISOLLand,ISOLand,EKNummer,Anschrift2,Lanschrift2,Logistikerversandart,Artikelnummer,Artikelname,EAN,MengeEAN,Bundesland,LBundesland,Memo,MarkierungsID,MengeProduktID,LTelefon
,,,,,"Rosaly Potysch",,"Düsseldorfer Str. 80","PPG Deutschland Sales & Services GmbH",,40721,Hilden,,,,,,,,,,,,,,,,,,,DE,,,,,,506,,,,,,,,,
,,,,,"Lukasz Slawinski",,"Pirminstraße 158/19",,,78479,Reichenau,,,,,,,,,,,,,,,,,,,DE,,,,,,176,,,,,,,,,
,,,,,"Doreen Stettin",,"Jersleber Chaussee 1a",,,39179,"Barleben OT Meitzendorf",,,,,,,,,,,,,,,,,,,DE,,,,,,676,,,,,,,,,
,,,,,"aynkaran muthu",,pascalweg-11,,,59846,sundern,,,,,,,,,,,,,,,,,,,DE,,,,,,159,,,,,,,,,
,,,,,"Peter Craxton",,"Baumkamp 53",,,22299,Hamburg,,,,,,,,,,,,,,,,,,,DE,,,,,,265,,,,,,,,,
,,,,,"Heiko Dworak",,"Marderweg 90",,,46282,Dorsten,,,,,,,,,,,,,,,,,,,DE,,,,,,49,,,,,,,,,
,,,,,"Wolf Köhler",,"Wellingsbütteler Landstr. 144",,,22337,Hamburg,,,,,,,,,,,,,,,,,,,DE,,,,,,1200,,,,,,,,,
,,,,,"Sascha Beinemann",,"Obere Gartenstrasse 10",,,35236,Breidenbach,,,,,,,,,,,,,,,,,,,DE,,,,,,177,,,,,,,,,
,,,,,"NIhad Bisanovic",,"Gregor Mendel Strasse 8-12",LOGWIN,,02514,Traiskirchen,06504769651,,,,,,,,,,,,,,,,,,AT,,,,,,674,,,,,,,,,
,,,,,"Eugen Harms",,"Westermannweg 9",,,30419,Hannover,,,,,,,,,,,,,,,,,,,DE,,,,,,1311,,,,,,,,,
,,,,,"LE NAY JULIEN",,"1 Route de Saint André","LE PRESSOIR DE GERSEY",,27770,"ILLIERS LEVEQUE",0647663753,,,,,,,,,,,,,,,,,,FR,,,,,,49,,,,,,,,,
,,,,,"Ursula LAGUERRE",,"28 rue Bernard Gante",,,93250,Villemomble,,,,,,,,,,,,,,,,,,,FR,,,,,,98,,,,,,,,,
,,,,,"ANNE ROLANDO",,"34 RUE DU BASSIN",,,30360,"ST JEAN DE CEYRARGUES",,,,,,,,,,,,,,,,,,,FR,,,,,,605,,,,,,,,,
,,,,,"KASSIA PERAT",,"17 ROUTE DE LA SUZANNE",,,13130,"BERRE L ETANG",,,,,,,,,,,,,,,,,,,FR,,,,,,569,,,,,,,,,
,,,,,"SANDRA GREGORY",,"25 AVENUE ROBERT SCHUMAN",,,92100,"BOULOGNE BILLANCOURT",,,,,,,,,,,,,,,,,,,FR,,,,,,605,,,,,,,,,
,,,,,"NICOLE DRAN",,"5 PETITE RUE",,,11200,"RAISSAC D AUDE",,,,,,,,,,,,,,,,,,,FR,,,,,,567,,,,,,,,,
,,,,,"HOURIA MOULEY",,"RESIDENCE TOUR EXCELSIOR 668 CHEMIN DE",,,83400,HYERES,,,,,,,,,,,,,,,,,,,FR,,,,,,627,,,,,,,,,
,,,,,"NICOLAS DAVID",,"LE CLUZEL",,,19130,"ST CYR LA ROCHE",,,,,,,,,,,,,,,,,,,FR,,,,,,644,,,,,,,,,
,,,,,"SYLVIE HABAULT",,"7 RUE DE KERMARIA",,,29300,QUIMPERLE,,,,,,,,,,,,,,,,,,,FR,,,,,,644,,,,,,,,,
