Kundennummer,EbayName,Versandart,Versandkosten,Zahlart,Firma,Anrede,Name,Strasse,Land,PLZ,Ort,Telefon,fax,email,auktionsgruppe,Lieferanschrift,LFirma,Lname,Lstrasse,Lplz,Lort,LLand,Gruppensumme,Zahlartenaufschlag,Versandgruppe,Gewicht,ReNr,EbayVersand,Zinfo,ISOLLand,ISOLand,EKNummer,Anschrift2,Lanschrift2,Logistikerversandart,Artikelnummer,Artikelname,EAN,MengeEAN,Bundesland,LBundesland,Memo,MarkierungsID,MengeProduktID,LTelefon
,,,,,"Maik Bachmann",,"Augustenstraße 31",,,06842,Dessau,,,,,,,,,,,,,,,,,,,DE,,,,,,242,,,,,,,,,
,,,,,"Stamos Athanasios",,"Am Mühlenberg",14,,58509,Lüdenscheid,015778606835,,,,,,,,,,,,,,,,,,DE,,,,,,640,,,,,,,,,
,,,,,"D. Girhartz, MSR Consulting",,"Bayenthalgürtel 16-20",,,50968,Köln,,,,,,,,,,,,,,,,,,,DE,,,,,,280,,,,,,,,,
,,,,,"LEDO Margarita Gavrilov",,"Ajtoschstraße 6",,,90459,Nürnberg,,,,,,,,,,,,,,,,,,,DE,,,,,,26,,,,,,,,,
,,,,,"Karl-Heinz  Schröder",,"Heidekoppel 36",,,24887,Silberstedt,,,,,,,,,,,,,,,,,,,DE,,,,,,291,,,,,,,,,
,,,,,"Tatiana Lentitcaia",,"Kunigundengasse 7",,,91207,"Lauf an Der Pegnitz",,,,,,,,,,,,,,,,,,,DE,,,,,,528,,,,,,,,,
