VABRMN;VABRSD;VABIND;VABLOD;VABNZD;VABCAD;VABNCL;VABPKB;VABCCM;VABCBO;VABCTR;VABTSP;VABCAS;VABTIC;VABVCA;VABCTM;VABRD2;VABPRD
1;Raffaello Benedetti;via mereghetti 3/1;settimo milanese;;20019;1;1;80574;1;300;C;17-08146-05754;;;;;MI
2;Manuele Antonacci;via san demetrio snc;prata dansidonia Fraz. San Nicandro;;67020;1;1;80574;1;300;C;01-08151-81673;;;;;AQ
3;Andrea Costantini;Via Morlaiter 11;Mestre;;30173;1;1;80574;1;300;C;20-08146-61375;;;;;VE
4;M. Makhoul;via Guicciardini 15;Civitanova Marche;;62012;1;1;80574;1;300;C;14-08147-47231;;;;;MC
