VABRMN;VABRSD;VABIND;VABLOD;VABNZD;VABCAD;VABNCL;VABPKB;VABCCM;VABCBO;VABCTR;VABTSP;VABCAS;VABTIC;VABVCA;VABCTM;VABRD2;VABPRD
1;Nello Pallante;Via campo 5;Cervinara;;83012;1;1;80574;1;300;C;407-4157986-7817902;;;;;AV
2;MILLY  BONALDO;VIA PADOVA  1/A;TAGLIO DI PO;;45019;1;1;80574;1;300;C;27-08243-92804;;;;;RO
3;MILLY  BONALDO;VIA PADOVA  1/A;TAGLIO DI PO;;45019;1;1;80574;1;300;C;27-08243-92803;;;;;RO
4;Emanuele Ciaramitaro;Via Salvatore Puglisi 69;Palermo;;90143;1;1;80574;1;300;C;27-08243-75352;;;;;PA
