VABRMN;VABRSD;VABIND;VABLOD;VABNZD;VABCAD;VABNCL;VABPKB;VABCCM;VABCBO;VABCTR;VABTSP;VABCAS;VABTIC;VABVCA;VABCTM;VABRD2;VABPRD
1;DEVID SBEGHEN;Vicolo Monte Cengio, 10;San Martino Di Lupari;;35018;1;1;80574;1;300;C;29404;;;;;PD
2;DEVID SBEGHEN;Vicolo Monte Cengio, 10;San Martino Di Lupari;;35018;1;1;80574;1;300;C;29404;;;;;PD
3;DEVID SBEGHEN;Vicolo Monte Cengio, 10;San Martino Di Lupari;;35018;1;1;80574;1;300;C;29404;;;;;PD
4;Michele Capone;Via Matera 83;Gravina in Puglia;;70024;1;1;80574;1;300;C;29405;;;;;BA
5;Maurizio DE Santis;Via Giuseppe Saredo, 107;roma;;00173;1;1;80574;1;300;C;04-08242-87244;;;;;RM
6;Paride Pavone;Vivicastellaneta, via roma;castellaneta;;74011;1;1;80574;1;300;C;19-08240-97803;;;;;TA
7;Paolo Petrini;VIA DEL COLLE 28;BRUFA TORGIANO;;06089;1;1;80574;1;300;C;03-08243-73502;;;;;PG
8;PALIAGA ALIDE;VIA CAGLIARI  6-2;BOLOGNA;;40139;1;1;80574;1;300;C;407-8315232-3377943;;;;;BO
