VABRMN;VABRSD;VABIND;VABLOD;VABNZD;VABCAD;VABNCL;VABPKB;VABCCM;VABCBO;VABCTR;VABTSP;VABCAS;VABTIC;VABVCA;VABCTM;VABRD2;VABPRD
1;MARTINA CALISTRI;VIA RENATO FUCINI 25;PISTOIA;;51100;1;1;80574;1;300;C;29408;;;;;PT
2;Francesco Bruni;Via di Mocarello, 49;Poggibonsi;;53036;1;1;80574;1;300;C;11-08262-64983;;;;;SI
3;Vito antonio Iannelli;Via Giorgio Washington 15;Milano;;20146;1;1;80574;1;300;C;20-08260-21111;;;;;MI
4;Gennaro De Fenza;Via Don Minzoni 6;Bagno Di Gavorrano;;58023;1;1;80574;1;300;C;20-08259-72878;;;;;GR
5;Davide Carella;Via Benozzo Gozzoli 4;Milano;;20152;1;1;80574;1;300;C;18-08261-19669;;;;;MI
