VABRMN;VABRSD;VABIND;VABLOD;VABNZD;VABCAD;VABNCL;VABPKB;VABCCM;VABCBO;VABCTR;VABTSP;VABCAS;VABTIC;VABVCA;VABCTM;VABRD2;VABPRD
1;Pierluigi Dalfiume;VIA PAGNINA 4;BUBANO DI MORDANO;;40027;1;1;80574;1;300;C;29392;;;;;BO
2;Marco Rosson;via Michelangelo 10;Voghera;;27058;1;1;80574;1;300;C;29391;;;;;PV
3;Anna Zanon;Via della Beata Colomba 19;Perugia;;06132;1;1;80574;1;300;C;14-08087-63599;;;;;PG
4;Tommaso Pitton;Strada della Commenda 132D;vicenza;;36100;1;1;80574;1;300;C;03-08089-71925;;;;;VI
5;SALVATORE MARCEDDU;via enrico de nicola 17;tito;;85050;1;1;80574;1;300;C;05-08093-92752;;;;;PZ
6;Francesca Soro;Via Afrodite 10/B;Pomezia;;00071;1;1;80574;1;300;C;27-08089-51436;;;;;RM
7;paolo favetta;via: vocabolo passatore(n.29);calvi dellumbria;;05032;1;1;80574;1;300;C;03-08096-78154;;;;;TR
8;Paoletti Marino;Via V.Salieri 3/C;Casalfiumanese;;40020;1;1;80574;1;300;C;14-08098-28455;;;;;BO
9;Paoletti Marino;Via V.Salieri 3/C;Casalfiumanese;;40020;1;1;80574;1;300;C;14-08098-28455;;;;;BO
10;Sturzu Adrian;Via Orti Romani 19;Cremona;;26100;3;1;80574;1;300;C;23-08096-33884;;;;;CR
11;Sturzu Adrian;Via Orti Romani 19;Cremona;;26100;3;1;80574;1;300;C;23-08096-33884;;;;;CR
12;Sturzu Adrian;Via Orti Romani 19;Cremona;;26100;3;1;80574;1;300;C;23-08096-33884;;;;;CR
13;Eugenio Filizzola;via S.Liberata 25/c;San Polo dei cavalieri;;00010;1;1;80574;1;300;C;10-08098-35626;;;;;RM
14;sebastiano cugnata;via tommaso chiavola n°7;chiaramonte gulfi;;97012;1;1;80574;1;300;C;12-08102-29399;;;;;RG
15;giacomo maestri;via Virginio Orsini 19;roma;;00192;1;1;80574;1;300;C;08-08105-54122;;;;;RM
16;Alessandro Marangon;Via Bruino 9;Piossasco;;10045;1;1;80574;1;300;C;06-08105-91471;;;;;TO
17;Iacopo Iacopini;Via Luigi Calabresi, 28/A;San Donato Milanese;;20097;1;1;80574;1;300;C;11-08108-41146;;;;;MI
18;Maria Grazia Bartalozzi;Viale Filosofi n3 piano terra;volterra;;56048;1;1;80574;1;300;C;06-08107-29812;;;;;PI
19;Vito Murgolo;Via Andrea Labini 17;Bitonto;;70032;1;1;80574;1;300;C;08-08108-62505;;;;;BA
20;SERGIO BONFRATE;VIA ANTONIO TONZIG 7;PADOVA;;35129;1;1;80574;1;300;C;23-08106-14164;;;;;PD
21;Arianna 94;Via Girolamo Segato 12,  Firenze;Firenze;;50134;1;1;80574;1;300;C;18-08107-54436;;;;;FI
22;Marina Cavalleri;Cesare beccaria 8/A;Rovato;;25038;1;1;80574;1;300;C;12-08110-82748;;;;;BS
23;Marina Cavalleri;Cesare beccaria 8/A;Rovato;;25038;1;1;80574;1;300;C;01-08113-00576;;;;;BS
24;Emanuele De Gasperis;Via Giovanni Feneziani 14;L Aquila;;67100;1;1;80574;1;300;C;29393;;;;;AQ
