Kundennummer,EbayName,Versandart,Versandkosten,Zahlart,Firma,Anrede,Name,Strasse,Land,PLZ,Ort,Telefon,fax,email,auktionsgruppe,Lieferanschrift,LFirma,Lname,Lstrasse,Lplz,Lort,LLand,Gruppensumme,Zahlartenaufschlag,Versandgruppe,Gewicht,ReNr,EbayVersand,Zinfo,ISOLLand,ISOLand,EKNummer,Anschrift2,Lanschrift2,Logistikerversandart,Artikelnummer,Artikelname,EAN,MengeEAN,Bundesland,LBundesland,Memo,MarkierungsID,MengeProduktID,LTelefon
,,,,,"Ursula LAGUERRE",,"28 rue Bernard Gante",,,93250,Villemomble,,,,,,,,,,,,,,,,,,,FR,,,,,,98,,,,,,,,,
,,,,,"BAR LA ROYALE ",,"74 AVENUE DU MERLAN",,,13014,MARSEILLE,,,,,,,,,,,,,,,,,,,FR,,,,,,578,,,,,,,,,
,,,,,"SUPERMARCHE MG ",,"221 AVENUE DU DR CALMETTE",,,59510,HEM,,,,,,,,,,,,,,,,,,,FR,,,,,,86,,,,,,,,,
,,,,,"DIDIER MOULIS",,"7 LA BRIOLLETRIE",,,37290,CHAMBON,,,,,,,,,,,,,,,,,,,FR,,,,,,113,,,,,,,,,
