VABRMN;VABRSD;VABIND;VABLOD;VABNZD;VABCAD;VABNCL;VABPKB;VABCCM;VABCBO;VABCTR;VABTSP;VABCAS;VABTIC;VABVCA;VABCTM;VABRD2;VABPRD
1;Angelo Massimo PICARDELLO;Via Domenico Berti 10;Roma;;00135;1;1;80574;1;300;C;04-08202-95046;;;;;RM
2;Avv. Ferruccio Angelo Fabris;Via Circonvallazione dei Fiori, 37;Taranto;;74122;1;1;80574;1;300;C;14-08200-68829;;;;;TA
3;GABRIELE EVALDI;VIA PARMA 91;BOLZANO;;39100;1;1;80574;1;300;C;21-08201-05132;;;;;
4;GABRIELE EVALDI;VIA PARMA 91;BOLZANO;;39100;1;1;80574;1;300;C;21-08201-05133;;;;;
5;Salvatore Zichi;Viale Sardegna 1;Orani;;08026;1;1;80574;1;300;C;19-08201-97301;;;;;NU
6;Nainka Squarzon;via G.Carducci;Breganze;;36042;1;1;80574;1;300;C;27-08201-01772;;;;;VI
7;giuseppe radicci;p.zza berlinguer  52;gioia del colle;;70023;1;1;80574;1;300;C;11-08205-82181;;;;;BA
