VABRMN;VABRSD;VABIND;VABLOD;VABNZD;VABCAD;VABNCL;VABPKB;VABCCM;VABCBO;VABCTR;VABTSP;VABCAS;VABTIC;VABVCA;VABCTM;VABRD2;VABPRD
1;matteo melchiorri;via Don Minzoni 9/e;Ostellato;;44020;1;1;80574;1;300;C;08-08206-91152;;;;;FE
2;Simona Di Marino presso Dental Leader Spa;Viale Monza 265;Milano;;20126;1;1;80574;1;300;C;09-08206-46503;;;;;MI
3;AUTONIZZA SAS;via nizza 147;torino;;10126;1;1;80574;1;300;C;22-08204-75853;;;;;TO
4;AUTONIZZA SAS;via nizza 147;torino;;10126;1;1;80574;1;300;C;22-08204-75852;;;;;TO
5;andrea rinaldini;via cesare pavese 40;forche,puianello, quattro castella;;42020;1;1;80574;1;300;C;13-08208-33691;;;;;RE
6;Antonio Merola;Via dei Romani 69;Santa Maria Capua Vetere;;81055;1;1;80574;1;300;C;15-08208-66290;;;;;CE
7;petronela bulgariu;Via 28Brigata Garibaldi n32;alfonsine;;48011;1;1;80574;1;300;C;24-08221-70112;;;;;RA
