Kundennummer,EbayName,Versandart,Versandkosten,Zahlart,Firma,Anrede,Name,Strasse,Land,PLZ,Ort,Telefon,fax,email,auktionsgruppe,Lieferanschrift,LFirma,Lname,Lstrasse,Lplz,Lort,LLand,Gruppensumme,Zahlartenaufschlag,Versandgruppe,Gewicht,ReNr,EbayVersand,Zinfo,ISOLLand,ISOLand,EKNummer,Anschrift2,Lanschrift2,Logistikerversandart,Artikelnummer,Artikelname,EAN,MengeEAN,Bundesland,LBundesland,Memo,MarkierungsID,MengeProduktID,LTelefon,Produkt,Teilnahme
,,,,,"Johanna Wichmann",,"Beiersdorfer Weg 16",,,16356,Werneuchen,,,,,,,,,,,,,,,3,,,,DE,,,,,,158,,,,,,,,,,,
,,,,,"Cludia Zucca",,"Via Giuseppe Biasi, 10",,,09040,Soleminis,3480581975,,,,,,,,,,,,,,3,,,,IT,,,,,,807,,,,,,,,,,,
,,,,,"Daniela De Marzi",,"via Domenico beneventano 4",,,00166,roma,3498072833,,,,,,,,,,,,,,3,,,,IT,,,,,,605,,,,,,,,,,,
,,,,,"GAETANO MARLETTA",,"VIA LAUDANI 146",146,,95030,PEDARA,3490728756,,,,,,,,,,,,,,3,,,,IT,,,,,,475,,,,,,,,,,,
,,,,,"Paolo Gandolfi",,"via Mattarella n.02",,,46034,borgovirgilio,3276336826,,,,,,,,,,,,,,3,,,,IT,,,,,,661,,,,,,,,,,,
,,,,,"Spiridione Araci - c/o Studio Associato Trisciuzzi",,"Corso Vittorio Emanuele, 171",,,72015,Fasano,3922991414,,,,,,,,,,,,,,3,,,,IT,,,,,,565,,,,,,,,,,,
,,,,,"Riccardo Correrella",,"via Mario Bellocchi",12,,60044,Fabriano,3299718041,,,,,,,,,,,,,,3,,,,IT,,,,,,745,,,,,,,,,,,
,,,,,"Safina Zakauddin",,"27 Hildyard Road",,,"LE4 5GG",Leicester,07368367223,,,,,,,,,,,,,,3,,,,GB,,,,,,685,,,,,,,,,,,
,,,,,"catherine woodward",,"50 winchester avenue bentilee",,,"ST2 0JU",stoke-on-trent,01782248595,,,,,,,,,,,,,,3,,,,GB,,,,,,685,,,,,,,,,,,
,,,,,"Serge  Saint Faustin",,"5 Allee Du Clos",,,64230,Aussevielle,0603571234,,,,,,,,,,,,,,3,,,,FR,,,,,,725,,,,,,,,,,,
,,,,,"Clément Bertin",,"4, rue des sources","Appartement B22",,35760,Saint-Grégoire,0656853191,,,,,,,,,,,,,,3,,,,FR,,,,,,107,,,,,,,,,,,
