Kundennummer,EbayName,Versandart,Versandkosten,Zahlart,Firma,Anrede,Name,Strasse,Land,PLZ,Ort,Telefon,fax,email,auktionsgruppe,Lieferanschrift,LFirma,Lname,Lstrasse,Lplz,Lort,LLand,Gruppensumme,Zahlartenaufschlag,Versandgruppe,Gewicht,ReNr,EbayVersand,Zinfo,ISOLLand,ISOLand,EKNummer,Anschrift2,Lanschrift2,Logistikerversandart,Artikelnummer,Artikelname,EAN,MengeEAN,Bundesland,LBundesland,Memo,MarkierungsID,MengeProduktID,LTelefon
,,,,,"Jutta Senger",,"Schlossgasse 9",,,67071,Ludwigshafen,,,,,,,,,,,,,,,,,,,DE,,,,,,596,,,,,,,,,
,,,,,"Denis Mariano",,"Via Francesco DOvidio 155",,,00137,Roma,3478003921,,,,,,,,,,,,,,,,,,IT,,,,,,623,,,,,,,,,
,,,,,"Pascal Reitz",,"Philippinenthal 16",,,34466,Wolfhagen,,,,,,,,,,,,,,,,,,,DE,,,,,,244,,,,,,,,,
,,,,,"LA CASA DELLA BATTERIA SRL",,"VIA AREZZO, 21",,,21052,"BUSTO ARSIZIO",0331624824,,,,,,,,,,,,,,,,,,IT,,,,,,1311,,,,,,,,,
,,,,,"Daniele Landucci",,"Piazza della Vittoria 32",,,57125,Livorno,3497454470,,,,,,,,,,,,,,,,,,IT,,,,,,908,,,,,,,,,
,,,,,"CHRIS WEBB webb",,"EASTWOOD DOMESTICS","30-36 clough road",,"S61 1RD",Rotherham,01709374249,,,,,,,,,,,,,,,,,,GB,,,,,,715,,,,,,,,,
,,,,,"Stephan Höckel",,"Jenaer Weg 7",,,74906,"Bad Rappenau",,,,,,,,,,,,,,,,,,,DE,,,,,,222,,,,,,,,,
,,,,,"Diana Knaub",,"Thornstrasse 35",,,52531,Übach-Palenberg,01783755748,,,,,,,,,,,,,,,,,,DE,,,,,,244,,,,,,,,,
,,,,,"Hassan Aljerf",,"Alte Amalienstraße 37",,,26135,Oldenburg,,,,,,,,,,,,,,,,,,,DE,,,,,,245,,,,,,,,,
,,,,,"Carmen Paul",,"Münchener Str. 9",,,65205,Wiesbaden,,,,,,,,,,,,,,,,,,,DE,,,,,,686,,,,,,,,,
