Kundennummer,EbayName,Versandart,Versandkosten,Zahlart,Firma,Anrede,Name,Strasse,Land,PLZ,Ort,Telefon,fax,email,auktionsgruppe,Lieferanschrift,LFirma,Lname,Lstrasse,Lplz,Lort,LLand,Gruppensumme,Zahlartenaufschlag,Versandgruppe,Gewicht,ReNr,EbayVersand,Zinfo,ISOLLand,ISOLand,EKNummer,Anschrift2,Lanschrift2,Logistikerversandart,Artikelnummer,Artikelname,EAN,MengeEAN,Bundesland,LBundesland,Memo,MarkierungsID,MengeProduktID,LTelefon
,,,,,"Julius Gnauck",,"Weberstrasse 10",,,02681,Schirgiswalde,,,,,,,,,,,,,,,,,,,DE,,,,,,528,,,,,,,,,
,,,,,"Robert Eger",,"Finkenstraße 18",Fotografie,,92555,Trausnitz,,,,,,,,,,,,,,,,,,,DE,,,,,,294,,,,,,,,,
,,,,,"Vito Cardaci",,"Largo della Regione 8",,,94017,Regalbuto,3391160014,,,,,,,,,,,,,,,,,,IT,,,,,,1014,,,,,,,,,
,,,,,"Daniel  Tobert",,"Julius Straße",31,,12051,Berlin,015739799717,,,,,,,,,,,,,,,,,,DE,,,,,,160,,,,,,,,,
,,,,,"Jens Möbius",,"Zum Bahnhof 53",,,15806,Zossen,,,,,,,,,,,,,,,,,,,DE,,,,,,677,,,,,,,,,
,,,,,"Ahmed Muhammad",,"Hölterheide 60",,,44894,Bochum,,,,,,,,,,,,,,,,,,,DE,,,,,,146,,,,,,,,,
,,,,,"Aaron Blasche",,"Oberholz 2",,,09629,Steinbach,,,,,,,,,,,,,,,,,,,DE,,,,,,245,,,,,,,,,
,,,,,"Alexandra Stuff",,"Schönlebestraße 6",,,09599,Freiberg,,,,,,,,,,,,,,,,,,,DE,,,,,,873,,,,,,,,,
,,,,,"Manfred Struve",,"Iltisstrasse 15",,,24143,Kiel,,,,,,,,,,,,,,,,,,,DE,,,,,,53,,,,,,,,,
