VABRMN;VABRSD;VABIND;VABLOD;VABNZD;VABCAD;VABNCL;VABPKB;VABCCM;VABCBO;VABCTR;VABTSP;VABCAS;VABTIC;VABVCA;VABCTM;VABRD2;VABPRD
1;Roberta Iannaccone;Via Gorizia 40/a;Sassari;;07100;1;1;80574;1;300;C;29276;;;;;SS
3;Thomas Kaetz;Nassauer Straße 9;Würselen;;52146;1;1;80574;1;300;C;18-07350-71394;;;;;
4;DUC-Motors UG (haftungsbeschränkt);Weinlager 1;Sangerhausen;;06526;1;1;80574;1;300;C;10-07357-51399;;;;;
5;CUMMO GIUSEPPE;VIA BRESCIA 2;CANICATTI E BORGALINO;;92024;1;1;80574;1;300;C;11-07327-65156;;;;;AG
6;GIO-PI SPIRTSWEAR pira;via casale 326;villa verucchio;;47826;1;1;80574;1;300;C;08-07334-00572;;;;;RN
7;Alberto Messina;Via Arturo Labriola 26;Corsico;;20094;1;1;80574;1;300;C;01-07343-41003;;;;;MI
8;Vincenzo Gerratana;vanella 55 n65;Modica;;97015;1;1;80574;1;300;C;13-07371-30912;;;;;RG
9;Emanuele colella;(SPADA)cis di nola lotto 504-505 isola 5;Nola;;80035;1;1;80574;1;300;C;06-07372-35900;;;;;NA
10;Saverio Ferrini Munaro;Via G. Segantini 59;Como (Località: Sagnino);;22100;1;1;80574;1;300;C;05-07375-58720;;;;;CO
11;FRANCESCO ARSENI;FRAZIONE MASETTI 29;LAVARONE;;38046;1;1;80574;1;300;C;04-07374-70943;;;;;TN
12;Marcello Biciocchi;Via Tancia 55;Contigliano;;02043;1;1;80574;1;300;C;19-07370-88605;;;;;RI
13;Stefano Guidi c/o ILFOTOAMATORE;Via San Giusto, 35;Peccioli;;56037;1;1;80574;1;300;C;18-07370-94942;;;;;PI
14;Filippo Termini co. Officine della vista;Viale Principe Umberto n° 61;Caltagirone;;95041;1;1;80574;1;300;C;06-07375-96769;;;;;CT
15;marco sabatini;viale caravaggio, 185;porto ercole;;58018;1;1;80574;1;300;C;18-07373-83256;;;;;GR
