VABRMN;VABRSD;VABIND;VABLOD;VABNZD;VABCAD;VABNCL;VABPKB;VABCCM;VABCBO;VABCTR;VABTSP;VABCAS;VABTIC;VABVCA;VABCTM;VABRD2;VABPRD
1;Martina Calistri;Via Renato Fucini 25;Pistoia;;51100;1;1;80574;1;300;C;04-08174-30836;;;;;PT
2;Martina Calistri;Via Renato Fucini 25;Pistoia;;51100;1;1;80574;1;300;C;04-08174-30836;;;;;PT
3;Sanitec s.r.l.;Via Francesco Lana, 9;Flero;;25020;1;1;80574;1;300;C;14-08182-61104;;;;;BS
4;instock 07;Sc 16 Cerrosa n°33;locorotondo;;70010;1;1;80574;1;300;C;22-08179-35709;;;;;BA
