VABRMN;VABRSD;VABIND;VABLOD;VABNZD;VABCAD;VABNCL;VABPKB;VABCCM;VABCBO;VABCTR;VABTSP;VABCAS;VABTIC;VABVCA;VABCTM;VABRD2;VABPRD
1;Nubia Tovar;Via Giovanni A. Molfino 4/20;Genova;;16154;1;1;80574;1;300;C;29347;;;;;GE
2;Nubia Tovar;Via Giovanni A. Molfino 4/20;Genova;;16154;1;1;80574;1;300;C;29347;;;;;GE
3;andrea bernabini;via sauro babini 296;roncalceci;;48124;1;1;80574;1;300;C;29344;;;;;RA
4;andrea bernabini;via sauro babini 296;roncalceci;;48124;1;1;80574;1;300;C;29344;;;;;RA
5;mario carillo;via ferrovia 151;San Gennaro Vesuviano;;80047;1;1;80574;1;300;C;29343;;;;;NA
6;ROMEO CASTELLUCCI;CORTE DEL VOLONTARIATO 22;CESENA;;47521;1;1;80574;1;300;C;29341;;;;;FC
7;Salvatore Marchesano;Via Venezia n. 2;Montemaggiore belsito;;90020;1;1;80574;1;300;C;29340;;;;;PA
8;Salvatore Marchesano;Via Venezia n. 2;Montemaggiore belsito;;90020;1;1;80574;1;300;C;29340;;;;;PA
9;onofrio dilella;via Regina Margherita, 56;Salandra;;75017;1;1;80574;1;300;C;29337;;;;;MT
10;onofrio dilella;via Regina Margherita, 56;Salandra;;75017;1;1;80574;1;300;C;29337;;;;;MT
11;onofrio dilella;via Regina Margherita, 56;Salandra;;75017;1;1;80574;1;300;C;29337;;;;;MT
12;Giovanni Pacciana;Via San martino;Castellaneta;;74011;1;1;80574;1;300;C;29334;;;;;TA
13;Roberta Iannaccone;Via Gorizia 40/a;Sassari;;07100;1;1;80574;1;300;C;29276;;;;;SS
14;Roberta Iannaccone;Via Gorizia 40/a;Sassari;;07100;1;1;80574;1;300;C;29276;;;;;SS
