Kundennummer,EbayName,Versandart,Versandkosten,Zahlart,Firma,Anrede,Name,Strasse,Land,PLZ,Ort,Telefon,fax,email,auktionsgruppe,Lieferanschrift,LFirma,Lname,Lstrasse,Lplz,Lort,LLand,Gruppensumme,Zahlartenaufschlag,Versandgruppe,Gewicht,ReNr,EbayVersand,Zinfo,ISOLLand,ISOLand,EKNummer,Anschrift2,Lanschrift2,Logistikerversandart,Artikelnummer,Artikelname,EAN,MengeEAN,Bundesland,LBundesland,Memo,MarkierungsID,MengeProduktID,LTelefon
,,,,,"Cédric Duhez",,"150 rue du noir debout",,,59310,"Auchy lez Orchies",33620629476,,,,,,,,,,,,,,,,,,FR,,,,,,263,,,,,,,,,
,,,,,"Swen Rosum",,"stadtparkallee 2B",,,30853,Langenhagen,,,,,,,,,,,,,,,,,,,DE,,,,,,723,,,,,,,,,
,,,,,"Iller Peter",,"Meisenweg 1",,,93189,Reichenbach,,,,,,,,,,,,,,,,,,,DE,,,,,,567,,,,,,,,,
,,,,,"Tischlerei Milker",,"Rudislebener Allee 4",,,99310,Arnstadt,,,,,,,,,,,,,,,,,,,DE,,,,,,708,,,,,,,,,
,,,,,"karine bossy",,"77 rue de la tour",,,01210,ornex,0450406880,,,,,,,,,,,,,,,,,,FR,,,,,,608,,,,,,,,,
,,,,,"Kemal Tezcan",,Usedomerstr.3,,,13355,Berlin,,,,,,,,,,,,,,,,,,,DE,,,,,,600,,,,,,,,,
,,,,,"Katrin Lohmann",,"Viktor-Jakubowicz-Str. 36",,,47829,Krefeld,,,,,,,,,,,,,,,,,,,DE,,,,,,609,,,,,,,,,
