VABRMN;VABRSD;VABIND;VABLOD;VABNZD;VABCAD;VABNCL;VABPKB;VABCCM;VABCBO;VABCTR;VABTSP;VABCAS;VABTIC;VABVCA;VABCTM;VABRD2;VABPRD
1;Francesco  Canali C/o Prote srl;via serio 10;opera;;20090;1;1;80574;1;300;C;21-07687-88510;;;;;MI
2;bruno zanotti;Via Umberto1    128;Santa Lucia del mela;;98046;1;1;80574;1;300;C;23-07687-17707;;;;;ME
3;Francesco  Canali C/o Prote srl;via serio 10;opera;;20090;1;1;80574;1;300;C;16-07689-02883;;;;;MI
4;Antonio Taranto;Via Dei Lilla 24;Milazzo;;98057;1;1;80574;1;300;C;11-07688-14090;;;;;ME
5;ernesto mazzotti;via malaguti 1/6;bologna;;40126;1;1;80574;1;300;C;07-07692-88643;;;;;BO
6;andrea mureddu;via santa gemma galgani 1;calangianus;;07023;1;1;80574;1;300;C;25-07691-61646;;;;;SS
7;Simone  Zelmi;Via Milano 399;Vigliano Biellese;;13856;1;1;80574;1;300;C;20-07692-43446;;;;;BI
8;yunou HU;corso san gottardo 3  （bar la darsena）;MILANO;;20136;1;1;80574;1;300;C;18-07692-95526;;;;;MI
9;Giorgio Pirosu;Via Ettore Pais n. 14;Oristano;;09170;1;1;80574;1;300;C;10-07696-28662;;;;;OR
10;silviu ghionea;4 novembre nr47;vallata;;83059;1;1;80574;1;300;C;05-07699-96146;;;;;AV
11;luisa costeniero;c/o Unigross-Castiglione D/Stiv.-FP;CASTIGLIONE DELLE STIVIERE;;46043;1;1;80574;1;300;C;27-07689-37405;;;;;MN
12;Andrea Ferrari;via Federico Fellini 2/B;Montecavolo;;42020;1;1;80574;1;300;C;18-07699-22682;;;;;RE
13;MARIO RUGGIERO;Via Dott. Mimì Galzerano, 4;Moio della Civitella;;84060;1;1;80574;1;300;C;06-07810-96383;;;;;SA
14;BECCEGATO CLAUDIO;VIA VEGLIA 16;COLLE UMBERTO;;31014;1;1;80574;1;300;C;02-07810-70557;;;;;TV
15;Andrea Tomassi;via sterpara 14;palestrina;;00036;1;1;80574;1;300;C;22-07801-20326;;;;;RM
16;Michela Bittolo Eurocase Friuli srl;via Provinciale Osovana 13;BUJA;;33030;1;1;80574;1;300;C;22-07805-60984;;;;;UD
17;lucio ghilardi;via del fosso 176;lucca;;55100;1;1;80574;1;300;C;21-07793-05393;;;;;LU
18;Mirco Martelli;Via colombaia 12;San Giovanni in persiceto;;40017;1;1;80574;1;300;C;02-07809-46689;;;;;BO
19;guido vanni;Via Bonzi 2;Ripalta Cremasca;;26010;1;1;80574;1;300;C;24-07820-42421;;;;;CR
20;franco valori;veneto 2 ang via marruota 153;Montecatini;;51016;1;1;80574;1;300;C;11-07814-44254;;;;;PT
21;Studio tecnico TQD;Via Antiche Fornaci 31;Cremona;;26100;1;1;80574;1;300;C;03-07813-30760;;;;;CR
23;Francesco Cisaro;Via San Marco 17;Tremosine sul Garda;;25010;1;1;80574;1;300;C;11-07816-31798;;;;;BS
24;Venturi Matteo  c/o Fallani Morena Fallani;via cavalieri di Vittorio Veneto 6/a;Scandicci;;50018;1;1;80574;1;300;C;04-07824-54053;;;;;FI
25;Giuseppe Matteini;Via Fratelli di Dio 323;Sesto San Giovanni;;20099;1;1;80574;1;300;C;02-07830-65712;;;;;MI
26;Francesco Maurigi;via Del Fante 54;PALERMO;;90146;1;1;80574;1;300;C;25-07825-70359;;;;;PA
27;Matteo sperotto;Via palladio 4/b;Carmignano Di Brenta;;35010;1;1;80574;1;300;C;07-07828-23989;;;;;PD
28;Maurizio Peroni;Via S.Biagio 23;Brentonico;;38060;1;1;80574;1;300;C;03-07837-56487;;;;;TN
29;Katia Passalacqua;C.so Italia 426;San Pier Niceto;;98045;1;1;80574;1;300;C;24-07846-89508;;;;;ME
30;Gianni Penasa;Piazza Loreto 26;Lavis;;38015;1;1;80574;1;300;C;07-07834-86391;;;;;TN
