Kundennummer,EbayName,Versandart,Versandkosten,Zahlart,Firma,Anrede,Name,Strasse,Land,PLZ,Ort,Telefon,fax,email,auktionsgruppe,Lieferanschrift,LFirma,Lname,Lstrasse,Lplz,Lort,LLand,Gruppensumme,Zahlartenaufschlag,Versandgruppe,Gewicht,ReNr,EbayVersand,Zinfo,ISOLLand,ISOLand,EKNummer,Anschrift2,Lanschrift2,Logistikerversandart,Artikelnummer,Artikelname,EAN,MengeEAN,Bundesland,LBundesland,Memo,MarkierungsID,MengeProduktID,LTelefon
,,,,,"Reiner Busse",,"bei Silverium Ltd.","Lahnweg 5",,35232,"Dautphetal - Wolfgruben",,,,,,,,,,,,,,,,,,,DE,,,,,,220,,,,,,,,,
,,,,,"Maik Verstraten",,"Buttermarkt 14","b14 - die Photo Lounge",,47906,Kempen,,,,,,,,,,,,,,,,,,,DE,,,,,,263,,,,,,,,,
,,,,,"Gerd König",,"Singldinger Str. 2a",,,85435,Erding,,,,,,,,,,,,,,,,,,,DE,,,,,,238,,,,,,,,,
,,,,,"Melanie Robertson",,"Am Tischplatt 11",,,06567,"Bad Frankenhausen",,,,,,,,,,,,,,,,,,,DE,,,,,,1371,,,,,,,,,
,,,,,"Massak Logistik GmbH",,"Siemensstr. 18","IT Abteilung",,96129,Strullendorf,,,,,,,,,,,,,,,,,,,DE,,,,,,338,,,,,,,,,
,,,,,"Christian Boas",,"Aloysiusstr. 15 a",,,44795,Bochum,,,,,,,,,,,,,,,,,,,DE,,,,,,748,,,,,,,,,
,,,,,"stefan Eder",,Hauptstraße,67,,73326,Deggingen,,,,,,,,,,,,,,,,,,,DE,,,,,,701,,,,,,,,,
,,,,,"Tatjana Maul",,"Hallesche Straße 29",,,40625,Düsseldorf,,,,,,,,,,,,,,,,,,,DE,,,,,,299,,,,,,,,,
