VABRMN;VABRSD;VABIND;VABLOD;VABNZD;VABCAD;VABNCL;VABPKB;VABCCM;VABCBO;VABCTR;VABTSP;VABCAS;VABTIC;VABVCA;VABCTM;VABRD2;VABPRD
1;Ursula LAGUERRE;28 rue Bernard Gante;Villemomble;;93250;1;1;80574;1;300;C;29369;;;;;
2;Marco Bandini;via del chianti 3;Poggibonsi;;53036;1;1;80574;1;300;C;16-07905-11392;;;;;SI
3;Emilio Scida;Via 1 vico San Leonardo 1;Crotone;;88900;1;1;80574;1;300;C;17-07904-82711;;;;;KR
4;Samuele Ermanno;via marccelino da civezza 85;Roma;;00126;1;1;80574;1;300;C;20-07905-53180;;;;;RM
5;marco leone;via vipacco 21/A;Milano;;20126;1;1;80574;1;300;C;09-07909-96545;;;;;MI
6;marco leone;via vipacco 21/A;Milano;;20126;1;1;80574;1;300;C;09-07909-96545;;;;;MI
7;Simona Savo Sardaro;Via Giuseppe Mazzini n 18;Celleno;;01020;1;1;80574;1;300;C;05-07911-76831;;;;;VT
8;Tiziana Scali;Via dei Mille 127/1;Albenga;;17031;1;1;80574;1;300;C;27-07906-67860;;;;;SV
