Kundennummer,EbayName,Versandart,Versandkosten,Zahlart,Firma,Anrede,Name,Strasse,Land,PLZ,Ort,Telefon,fax,email,auktionsgruppe,Lieferanschrift,LFirma,Lname,Lstrasse,Lplz,Lort,LLand,Gruppensumme,Zahlartenaufschlag,Versandgruppe,Gewicht,ReNr,EbayVersand,Zinfo,ISOLLand,ISOLand,EKNummer,Anschrift2,Lanschrift2,Logistikerversandart,Artikelnummer,Artikelname,EAN,MengeEAN,Bundesland,LBundesland,Memo,MarkierungsID,MengeProduktID,LTelefon
,,,,,"Petra Matuscheck",,"Siegburger Str. 74",,,53757,"St. Augustin",,,,,,,,,,,,,,,,,,,DE,,,,,,263,,,,,,,,,
,,,,,S.Meier,,"Bahnhofstr. 11",,,85111,Adelschlag,,,,,,,,,,,,,,,,,,,DE,,,,,,623,,,,,,,,,
,,,,,"Ramôn Mengel GmbH",,"Ringstrasse 8","OT Tröglitz",,06729,Elsteraue,,,,,,,,,,,,,,,,,,,DE,,,,,,87,,,,,,,,,
,,,,,"Erich Gottfried",,"Dreizehnlinden 9",,,86830,Schwabmünchen,,,,,,,,,,,,,,,,,,,DE,,,,,,39,,,,,,,,,
