VABRMN;VABRSD;VABIND;VABLOD;VABNZD;VABCAD;VABNCL;VABPKB;VABCCM;VABCBO;VABCTR;VABTSP;VABCAS;VABTIC;VABVCA;VABCTM;VABRD2;VABPRD
1;antonino lombardo;Via Francesco Napoli 6;Partanna;;91028;1;1;80574;1;300;C;22-08208-16498;;;;;Tp
2;Gennaro Panariello;Via De Gasperi 41;Pagani;;84026;1;1;80574;1;300;C;15-08210-09145;;;;;SA
3;Marco Luzzi;Via R. Bonfadini 98;Milano;;20138;1;1;80574;1;300;C;03-08213-33457;;;;;MI
4;Diego Stella;via sottanzas 1;Andreis;;33080;1;1;80574;1;300;C;01-08215-55452;;;;;PN
5;Matteo Caboni;Via Satta, 10;Terralba;;09098;1;1;80574;1;300;C;29400;;;;;OR
