VABRMN;VABRSD;VABIND;VABLOD;VABNZD;VABCAD;VABNCL;VABPKB;VABCCM;VABCBO;VABCTR;VABTSP;VABCAS;VABTIC;VABVCA;VABCTM;VABRD2;VABPRD
1;Pierluigi Dalfiume;VIA PAGNINA 4;BUBANO DI MORDANO;;40027;1;1;80574;1;300;C;29392;;;;;BO
2;Marco Rosson;via Michelangelo 10;Voghera;;27058;1;1;80574;1;300;C;29391;;;;;PV
3;Emanuele De Gasperis;Via Giovanni Feneziani 14;L Aquila;;67100;1;1;80574;1;300;C;29393;;;;;AQ
4;Antonio Pugliese;Via Trento 12;Busto Garolfo;;20020;1;1;80574;1;300;C;13-08112-65940;;;;;MI
5;Francesco Pesenti;Via Ramoni 20;Finero/Malesco;;28854;1;1;80574;1;300;C;12-08115-87568;;;;;VB
6;Francesca Soro;Via Afrodite 10/B;Pomezia;;00071;1;1;80574;1;300;C;08-08118-62921;;;;;RM
7;Francesca Soro;Via Afrodite 10/B;Pomezia;;00071;1;1;80574;1;300;C;08-08118-62921;;;;;RM
8;Andrä Niederbacher;Seilbahnstrasse 11A;Reischach/Bruneck;;I-39031;1;1;80574;1;300;C;02-08121-41850;;;;;BZ
9;Andrä Niederbacher;Seilbahnstrasse 11A;Reischach/Bruneck;;I-39031;1;1;80574;1;300;C;02-08121-41850;;;;;BZ
10;Marco Saccomano c/o Corsanini Srl;Viale Zaccagna, 6;Carrara;;54033;1;1;80574;1;300;C;13-08121-31540;;;;;MS
