Kundennummer,EbayName,Versandart,Versandkosten,Zahlart,Firma,Anrede,Name,Strasse,Land,PLZ,Ort,Telefon,fax,email,auktionsgruppe,Lieferanschrift,LFirma,Lname,Lstrasse,Lplz,Lort,LLand,Gruppensumme,Zahlartenaufschlag,Versandgruppe,Gewicht,ReNr,EbayVersand,Zinfo,ISOLLand,ISOLand,EKNummer,Anschrift2,Lanschrift2,Logistikerversandart,Artikelnummer,Artikelname,EAN,MengeEAN,Bundesland,LBundesland,Memo,MarkierungsID,MengeProduktID,LTelefon
,,,,,"Ursula LAGUERRE",,"28 rue Bernard Gante",,,93250,Villemomble,,,,,,,,,,,,,,,,,,,FR,,,,,,98,,,,,,,,,
,,,,,"Caroline Schön",,"Kasernenstr. 14",,,53111,Bonn,,,,,,,,,,,,,,,,,,,DE,,,,,,591,,,,,,,,,
,,,,,"Anja Pfeifer",,"Reicker Str. 38c",,,01219,Dresden,,,,,,,,,,,,,,,,,,,DE,,,,,,625,,,,,,,,,
,,,,,Reineke,,"Goosacker 9",,,22549,Hamburg,,,,,,,,,,,,,,,,,,,DE,,,,,,1200,,,,,,,,,
,,,,,"Moritz Fähse",,"Auf dem Lohesch 28",,,49545,Tecklenburg-Leeden,,,,,,,,,,,,,,,,,,,DE,,,,,,159,,,,,,,,,
,,,,,"Lars-Erik   Hahn",,"Rosenweg 5",,,98634,Wasungen,,,,,,,,,,,,,,,,,,,DE,,,,,,53,,,,,,,,,
,,,,,"Siegfried Stöttner",,"Audorfer Straße 20",,,04101,"Feldkirchen an der Donau",06803035855,,,,,,,,,,,,,,,,,,AT,,,,,,529,,,,,,,,,
,,,,,"Yvonne Böttcher",,"Hüttenhof 5",,,34346,"Hann. Münden",,,,,,,,,,,,,,,,,,,DE,,,,,,625,,,,,,,,,
,,,,,"Markus Kautz",,"Würselener Str. 6",,,50933,Köln,,,,,,,,,,,,,,,,,,,DE,,,,,,643,,,,,,,,,
,,,,,"Thomas Heller",,"Krenkelstr. 20",,,01309,Dresden,,,,,,,,,,,,,,,,,,,DE,,,,,,159,,,,,,,,,
,,,,,"Alexander Finzel",,"Buchenweg 3",,,96155,Buttenheim,,,,,,,,,,,,,,,,,,,DE,,,,,,78,,,,,,,,,
,,,,,"VIRGINIE QUEVA",,"11 T RUE DE MORTEAU",,,25300,PONTARLIER,,,,,,,,,,,,,,,,,,,FR,,,,,,710,,,,,,,,,
,,,,,"LMS 16 ",,"21 RUE PERGOLESE",,,75016,PARIS,,,,,,,,,,,,,,,,,,,FR,,,,,,642,,,,,,,,,
,,,,,"CHRISTIAN LACOMBE",,"MAS BOUCHARD",,,24330,"LA DOUZE",,,,,,,,,,,,,,,,,,,FR,,,,,,109,,,,,,,,,
,,,,,"ALEXANDRE FEYEN",,"41 RUE MIGNOT",,,89390,RAVIERES,,,,,,,,,,,,,,,,,,,FR,,,,,,1393,,,,,,,,,
,,,,,"STEPHANIE RAMON",,"20 RUE DES LILAS D ESPAGNE",,,92400,COURBEVOIE,,,,,,,,,,,,,,,,,,,FR,,,,,,210,,,,,,,,,
,,,,,"CELINE MARTIN",,"33 AVENUE RAVEL THIMOTEE",,,13390,AURIOL,,,,,,,,,,,,,,,,,,,FR,,,,,,619,,,,,,,,,
,,,,,"KELLYA PELUX",,"53 AVENUE DE LA PECHE",,,34410,SERIGNAN,,,,,,,,,,,,,,,,,,,FR,,,,,,640,,,,,,,,,
,,,,,"ADRIEN DAROU",,"129 RUE DE SERCUS",,,59190,HAZEBROUCK,,,,,,,,,,,,,,,,,,,FR,,,,,,569,,,,,,,,,
