VABRMN;VABRSD;VABIND;VABLOD;VABNZD;VABCAD;VABNCL;VABPKB;VABCCM;VABCBO;VABCTR;VABTSP;VABCAS;VABTIC;VABVCA;VABCTM;VABRD2;VABPRD
1;Roberta Iannaccone;Via Gorizia 40/a;Sassari;;07100;1;1;80574;1;300;C;29276;;;;;SS
2;Roberta Iannaccone;Via Gorizia 40/a;Sassari;;07100;1;1;80574;1;300;C;29276;;;;;SS
3;Simone Fortunato;Via della Libertà 209 (Palazzo del Sole);Portici;;80055;1;1;80574;1;300;C;10-07887-69402;;;;;NA
4;Silvia De Marco;Via G. Pacchiarotti, 52;Roma;;00139;1;1;80574;1;300;C;25-07886-28326;;;;;RM
5;Girolamo Menichetti;via Brunelleschi n°13 frazione Chiesanuova;san. casciano in val di pesa;;50026;1;1;80574;1;300;C;08-07892-43906;;;;;FI
6;RIENZO CARLEVARIS;via : NAJARET  DI  AGRONS   N° 42;OVARO;;33025;1;1;80574;1;300;C;03-07893-30631;;;;;UD
7;giuseppe caterina;viale aldo moro;lucera;;71036;1;1;80574;1;300;C;06-07894-74227;;;;;FG
8;Pino Caligiuri;Vi Riccardina di Mezzolara, 27;Mezzolara;;40050;1;1;80574;1;300;C;24-07907-70079;;;;;BO
9;Luigi Lillo;Via g. Cavalcanti;Nardo,;;73048;1;1;80574;1;300;C;25-07893-99678;;;;;LE
