Kundennummer,EbayName,Versandart,Versandkosten,Zahlart,Firma,Anrede,Name,Strasse,Land,PLZ,Ort,Telefon,fax,email,auktionsgruppe,Lieferanschrift,LFirma,Lname,Lstrasse,Lplz,Lort,LLand,Gruppensumme,Zahlartenaufschlag,Versandgruppe,Gewicht,ReNr,EbayVersand,Zinfo,ISOLLand,ISOLand,EKNummer,Anschrift2,Lanschrift2,Logistikerversandart,Artikelnummer,Artikelname,EAN,MengeEAN,Bundesland,LBundesland,Memo,MarkierungsID,MengeProduktID,LTelefon,Produkt,Teilnahme
,,,,,"MAGIC BARBER ",,"33 B RUE DE PARIS",,,77240,CESSON,,,,,,,,,,,,,,,3,,,,FR,,,,,,578,,,,,,,,,,,
,,,,,"ANTENNE GAIN ",,"40 rue de la Garenne",,,30900,NIMES,,,,,,,,,,,,,,,3,,,,FR,,,,,,578,,,,,,,,,,,
,,,,,"HOME BOX POITIERS ",,"6 RUE LUCIE AUBRAC",,,86000,POITIERS,,,,,,,,,,,,,,,3,,,,FR,,,,,,48,,,,,,,,,,,
,,,,,"EURO BLED CENON ",,"58 rue Roger salengro",,,33150,CENON,,,,,,,,,,,,,,,3,,,,FR,,,,,,578,,,,,,,,,,,
,,,,,"TABAC PRESSE BEAUTOUR ",,"6 RUE GEORGES EVEILLARD",,,44120,VERTOU,,,,,,,,,,,,,,,3,,,,FR,,,,,,578,,,,,,,,,,,
