VABRMN;VABRSD;VABIND;VABLOD;VABNZD;VABCAD;VABNCL;VABPKB;VABCCM;VABCBO;VABCTR;VABTSP;VABCAS;VABTIC;VABVCA;VABCTM;VABRD2;VABPRD
1;FRANCESCO SPEZZANO;Via Nicola Romano 11;Acri;;87041;1;1;80574;1;300;C;10-07952-17348;;;;;CS
2;Riccardo Colombani;Via 2 Giugno 22;Sinalunga;;53046;1;1;80574;1;300;C;25-07951-16973;;;;;SI
3;emanuele colella;via vincenzo arangio ruiz 44;napoli;;80122;1;1;80574;1;300;C;09-07954-26582;;;;;NA
4;Pierluigi Nalesso;Via Roma 192;San Giorgio delle pertiche;;35010;1;1;80574;1;300;C;25-07950-55825;;;;;PD
5;Massimo Riboni;Via Santuario 24b;Morbegno;;23017;1;1;80574;1;300;C;03-07954-93646;;;;;SO
6;Angelo Massimo PICARDELLO;Via Domenico Berti 10;Roma;;00135;1;1;80574;1;300;C;279740451014;;;;;RM
7;Angelo Massimo PICARDELLO;Via Domenico Berti 10;Roma;;00135;1;1;80574;1;300;C;279740451014;;;;;RM
8;Lucio Perini;via Aldo Moro 13 1/b;Cartigliano;;36050;1;1;80574;1;300;C;18-07958-68816;;;;;VI
9;Angelo Massimo PICARDELLO;Via Domenico Berti 10;Roma;;00135;1;1;80574;1;300;C;15-07957-19677;;;;;RM
10;Angelo Massimo PICARDELLO;Via Domenico Berti 10;Roma;;00135;1;1;80574;1;300;C;15-07957-19677;;;;;RM
11;Domenico drago;via v bellini 30;rometta;;98043;1;1;80574;1;300;C;16-07956-61325;;;;;ME
12;Francesca Felline;Merine 31/b;lecce;;73100;1;1;80574;1;300;C;17-07961-17415;;;;;LE
13;DF srl GIORGIADI Croce Rossa Siena;VIA  L.LANDUCCI ,4;SIENA;;53100;1;1;80574;1;300;C;23-07954-62986;;;;;SI
14;Eleonora Mainardi;Via A. DAvalos, 59;Vigevano;;27029;1;1;80574;1;300;C;19-07963-81265;;;;;PV
15;Antonello Secchi;c/o Coffee Time via Nulvi 6;Sassari;;07100;1;1;80574;1;300;C;03-07958-10259;;;;;SS
16;Raffaele Salvi;via di cavarzano  14;vernio;;59024;1;1;80574;1;300;C;23-07955-55725;;;;;PO
17;LORENZO BORSARI C/O SIMPETY;Piazza Giuseppe Garibaldi 35;Berra;;44033;1;1;80574;1;300;C;24-07973-05368;;;;;FE
18;Raffaele Salvi;via di cavarzano  14;vernio;;59024;1;1;80574;1;300;C;01-07960-58489;;;;;PO
19;Dario Toledo;via Salvator Rosa 124;Napoli;;80136;1;1;80574;1;300;C;17-07965-34159;;;;;NA
20;alessandro mazzarovich;via case nuove   n19;marghera;;30175;1;1;80574;1;300;C;05-07964-30884;;;;;VE
21;INFORMAC DI ANTONIO CHIAPPETTA;Viale della Concordia 142/A;Mendicino;;87040;1;1;80574;1;300;C;22-07965-49466;;;;;CS
22;Andrea Testa;via Sissarda 8;Ottiglio;;15038;1;1;80574;1;300;C;26-07966-72377;;;;;AL
23;Ferramenta Pascolini;Via Matteotti 33;Gubbio;;06024;1;1;80574;1;300;C;06-07970-36272;;;;;PG
