VABRMN;VABRSD;VABIND;VABLOD;VABNZD;VABCAD;VABNCL;VABPKB;VABCCM;VABCBO;VABCTR;VABTSP;VABCAS;VABTIC;VABVCA;VABCTM;VABRD2;VABPRD
1;GABRIELE EVALDI;VIA PARMA 91;BOLZANO;;39100;1;1;80574;1;300;C;04-08126-31743;;;;;
2;Francesco Gissi;Via Giuseppe Pellegrini  26;Bari;;70124;1;1;80574;1;300;C;17-08123-32692;;;;;BA
3;alessandro coluccelli;Via Dei Valtorta 4;Milano;;20127;1;1;80574;1;300;C;15-08125-16816;;;;;MI
4;francesco rumbo;via del fontanile anagnino 18f;roma;;00118;1;1;80574;1;300;C;18-08124-77875;;;;;RM
5;Gianluca Gimigliano;c/o Centro Servizio Blocknotes-FP;ROMA;;00156;1;1;80574;1;300;C;22-08127-92344;;;;;RM
