VABRMN;VABRSD;VABIND;VABLOD;VABNZD;VABCAD;VABNCL;VABPKB;VABCCM;VABCBO;VABCTR;VABTSP;VABCAS;VABTIC;VABVCA;VABCTM;VABRD2;VABPRD
1;Pidak Shop Di Francesco Pica;Via vicinale perreca 4 f;marano di Napoli;;80016;1;1;80574;1;300;C;07-08292-20517;;;;;NA
2;Antonino Curinga;Via Dott G Pasquale, 6;Anoia Superiore;;89020;1;1;80574;1;300;C;01-08292-94432;;;;;RC
3;sergio Olivieri;via padre geremia proponessi 8;campello sul Clitunno;;06042;1;1;80574;1;300;C;18-08289-88283;;;;;PG
4;SERGIO CAMPAGNA;VIA MAZZINI 13;CUSANO MILANINO;;20095;1;1;80574;1;300;C;20-08292-80215;;;;;ITALIA
