Kundennummer,EbayName,Versandart,Versandkosten,Zahlart,Firma,Anrede,Name,Strasse,Land,PLZ,Ort,Telefon,fax,email,auktionsgruppe,Lieferanschrift,LFirma,Lname,Lstrasse,Lplz,Lort,LLand,Gruppensumme,Zahlartenaufschlag,Versandgruppe,Gewicht,ReNr,EbayVersand,Zinfo,ISOLLand,ISOLand,EKNummer,Anschrift2,Lanschrift2,Logistikerversandart,Artikelnummer,Artikelname,EAN,MengeEAN,Bundesland,LBundesland,Memo,MarkierungsID,MengeProduktID,LTelefon,Produkt,Teilnahme
,,,,,"TS Kopie",,"Korbinianstr. 1","Thomas Stippel",,80807,München,,,,,,,,,,,,,,,3,,,,DE,,,,,,50,,,,,,,,,,,
,,,,,"andrea lehmann",,niersteinerstr2,3obergeschoss,,06632,freyburg,,,,,,,,,,,,,,,3,,,,DE,,,,,,676,,,,,,,,,,,
,,,,,"Johannes Heppner",,"Trierer Str. 12a",,,99423,Weimar,,,,,,,,,,,,,,,3,,,,DE,,,,,,300,,,,,,,,,,,
,,,,,"Xenie Rehmann",,"Bahnhofstr. 6",,,02782,Seifhennersdorf,,,,,,,,,,,,,,,3,,,,DE,,,,,,509,,,,,,,,,,,
,,,,,"Lukas Ahfeldt",,"Untere Albrechtstraße 4",,,65185,Wiesbaden,,,,,,,,,,,,,,,3,,,,DE,,,,,,245,,,,,,,,,,,
,,,,,"Dietmar Bänsch",,"Theismühle 2",,,50321,Brühl,,,,,,,,,,,,,,,3,,,,DE,,,,,,636,,,,,,,,,,,
,,,,,"Annett Sonntag c/o Deloitte",,"Kurfürstendamm 23",,,10719,Berlin,,,,,,,,,,,,,,,3,,,,DE,,,,,,37,,,,,,,,,,,
,,,,,"Reinhold Elling",,32505909,"Packstation 129",,48691,Vreden,,,,,,,,,,,,,,,3,,,,DE,,,,,,339,,,,,,,,,,,
,,,,,"raffaella palmeri",,"via benedetto croce55",,,65015,montesilvano,3451573237,,,,,,,,,,,,,,3,,,,IT,,,,,,585,,,,,,,,,,,
,,,,,"World Center PC",,"via ferrante Aporti n6","Cibali CT",,95123,Catania,3400007688,,,,,,,,,,,,,,3,,,,IT,,,,,,997,,,,,,,,,,,
,,,,,"Tomasz Winconek",,"75 western avenue",,,"wf8 2et",pontefract,07596133977,,,,,,,,,,,,,,3,,,,GB,,,,,,224,,,,,,,,,,,
,,,,,"M Coxshall",,"78 Eastern Ave",,,"SS2 5NF",Southend,01702309832,,,,,,,,,,,,,,3,,,,GB,,,,,,822,,,,,,,,,,,
,,,,,"Luis..A. Millos..Salinas.",,Rua.Buxo.N1..,,,36207,Vigo.,675265579,,,,,,,,,,,,,,3,,,,ES,,,,,,544,,,,,,,,,,,
,,,,,"Ferraro Santo",,Bodelschwinghstr.7,,,65462,Ginsheim-Gustavsburg,,,,,,,,,,,,,,,3,,,,DE,,,,,,172,,,,,,,,,,,
,,,,,"Sabine Lechner",,"Birkenstraße 6",,,85452,Eichenried,,,,,,,,,,,,,,,3,,,,DE,,,,,,598,,,,,,,,,,,
