Kundennummer,EbayName,Versandart,Versandkosten,Zahlart,Firma,Anrede,Name,Strasse,Land,PLZ,Ort,Telefon,fax,email,auktionsgruppe,Lieferanschrift,LFirma,Lname,Lstrasse,Lplz,Lort,LLand,Gruppensumme,Zahlartenaufschlag,Versandgruppe,Gewicht,ReNr,EbayVersand,Zinfo,ISOLLand,ISOLand,EKNummer,Anschrift2,Lanschrift2,Logistikerversandart,Artikelnummer,Artikelname,EAN,MengeEAN,Bundesland,LBundesland,Memo,MarkierungsID,MengeProduktID,LTelefon
,,,,,"Anna Gehringer-Borek",,Albrechtstr.47,Blickfang,,67655,Kaiserslautern,,,,,,,,,,,,,,,,,,,DE,,,,,,570,,,,,,,,,
,,,,,"Gunter Böttcher",,"Bergstraße 3",,,86513,Ursberg/Oberrohr,,,,,,,,,,,,,,,,,,,DE,,,,,,335,,,,,,,,,
,,,,,"Jürgen Buchner",,"Gevelsberger Str.10",,,45549,Sprockhövel,,,,,,,,,,,,,,,,,,,DE,,,,,,214,,,,,,,,,
,,,,,"Jens Schulze",,"Geschwister-Scholl-Str. 51",,,15537,"Neu Zittau",,,,,,,,,,,,,,,,,,,DE,,,,,,164,,,,,,,,,
,,,,,"Eugenii Chernetcov",,"CR MAJOR,66",,,08460,"SANTA MARIA DE PALAUTORDERA",631377211,,,,,,,,,,,,,,,,,,ES,,,,,,221,,,,,,,,,
,,,,,"Eduard Warkentin",,"Hans-Kaiser-Weg 10",,,59494,Soest,,,,,,,,,,,,,,,,,,,DE,,,,,,89,,,,,,,,,
