VABRMN;VABRSD;VABIND;VABLOD;VABNZD;VABCAD;VABNCL;VABPKB;VABCCM;VABCBO;VABCTR;VABTSP;VABCAS;VABTIC;VABVCA;VABCTM;VABRD2;VABPRD
1;Caneschi Riniero;Viale Martiri della Libertà n 120;Subbiano;;52010;1;1;80574;1;300;C;06-07368-03659;;;;;AR
2;Paolo Demaria;garoglio 6;conzano;;15030;1;1;80574;1;300;C;20-07375-05902;;;;;AL
3;Kostiantyn Voloshyn;Via Ugo Fontanatetta;Civitavecchia;;00053;1;1;80574;1;300;C;26-07374-16873;;;;;RM
4;Massimo Rosa;Via Curti Snc;Vairano Patenora;;81058;1;1;80574;1;300;C;03-07380-94537;;;;;
5;MASSIMO RIGHETTI;VIA;VERONA;;37124;1;1;80574;1;300;C;06-07380-42888;;;;;VR
6;Luca Atzori;Via Marco polo 19 Bis;Torino;;10129;1;1;80574;1;300;C;07-07382-04860;;;;;TO
7;Annaluce Aglietto;via leonina 26;roma;;00186;1;1;80574;1;300;C;02-07381-85582;;;;;RM
8;LUCA Nastri;via mare n 57;FICARAZZI;;90010;1;1;80574;1;300;C;23-07383-33795;;;;;PA
9;Marian Vataselu;c/o LAngolo dei Desideri -FP;VITTORIA;;97019;1;1;80574;1;300;C;01-07386-43094;;;;;RG
10;Oliver Wagner;Lüchtenburg links 120;Papenburg;;26871;1;1;80574;1;300;C;13-07389-14814;;;;;
11;Salvatore  Conti;Via Matarazzo N° 10;Scicli;;97018;1;1;80574;1;300;C;08-07461-34135;;;;;RG
12;EMANUELE MARANGONI;via Alessandro FLEMING 18;Bollate;;20021;1;1;80574;1;300;C;09-07462-59223;;;;;MI
13;salvatore amico;Via di Mezza costa, 22;Castelnuovo di porto;;00060;1;1;80574;1;300;C;10-07466-49362;;;;;RM
14;gaetano dalcero;via Danesi di Sotto  16;Montecchia di Crosara;;37030;1;1;80574;1;300;C;20-07464-06443;;;;;VR
15;pietro brignone;Via Palazzolo 21;Pantelleria;;91017;1;1;80574;1;300;C;16-07470-76675;;;;;TP
16;Compagnone Antonio;Via Eugenio Perrotta N 72;Succivo;;81030;1;1;80574;1;300;C;27-07479-38851;;;;;CE
17;PASQUALE ALBA;C.SO ACCURSIO MIRAGLIA 180/A;SCIACCA;;92019;1;1;80574;1;300;C;14-07481-12942;;;;;AG
18;Riccardo Scuto;Via Barletta 5;Catania;;95125;1;1;80574;1;300;C;11-07484-20374;;;;;CT
19;Claudio  Rovina;via villa s Maria 116/a;viadana;;46019;1;1;80574;1;300;C;11-07484-06854;;;;;MN
20;Giammarco Tramontano;via Arturo calza 23;roma;;00157;1;1;80574;1;300;C;27-07485-02973;;;;;RM
21;Tiziano Barea;via Valle Olona 17;Busto Arsizio;;21052;1;1;80574;1;300;C;18-07492-26498;;;;;VA
22;Fabio Bortolussi;c/o Riparo Express - Trieste-FP;TRIESTE;;34129;1;1;80574;1;300;C;04-07496-39266;;;;;TS
23;MARCELLO SANGUEDOLCE;VIA FRANCO GIOVANNELLI N. 8;FERRARA;;44100;1;1;80574;1;300;C;14-07495-17531;;;;;FE
24;Chiefari Valeria;Via ABRUZZI 5;biella;;13900;1;1;80574;1;300;C;27-07494-56077;;;;;BI
25;SALVATORE GIUNTA;Via Marconi,21;ROSOLINI;;96019;1;1;80574;1;300;C;01-07498-78551;;;;;SR
26;Matteo Maresca;Via San Vitale Ovest 5484;Fossatone di Medicina;;40059;1;1;80574;1;300;C;27-07496-15925;;;;;BO
27;Alessandro Regonini;Via Levanzo 21 - Contrada Calabernardo;Noto;;96017;1;1;80574;1;300;C;14-07498-98619;;;;;SR
28;roberto andrenacci;via sassotetto 34;fermo;;63900;1;1;80574;1;300;C;17-07498-93876;;;;;FM
29;Stefania Falsaperla;via orsa minore,18;cataniasan Giovanni  galermo;;95123;1;1;80574;1;300;C;10-07500-11475;;;;;CT
30;luigi del giudice;via santa lucia, 12/b;alife;;81011;1;1;80574;1;300;C;06-07504-09873;;;;;CE
31;Asquino Pasquale;c/o Staf Business Center-FP;ROMA;;00185;1;1;80574;1;300;C;02-07504-33252;;;;;RM
32;CACIAGLI STEFANO;Via L.W.Beethoven 49;GROSSETO;;58100;1;1;80574;1;300;C;04-07506-39794;;;;;GR
