VABRMN;VABRSD;VABIND;VABLOD;VABNZD;VABCAD;VABNCL;VABPKB;VABCCM;VABCBO;VABCTR;VABTSP;VABCAS;VABTIC;VABVCA;VABCTM;VABRD2;VABPRD
1;DEVID SBEGHEN;Vicolo Monte Cengio, 10;San Martino Di Lupari;;35018;1;1;80574;1;300;C;29404;;;;;PD
2;DEVID SBEGHEN;Vicolo Monte Cengio, 10;San Martino Di Lupari;;35018;1;1;80574;1;300;C;29404;;;;;PD
3;DEVID SBEGHEN;Vicolo Monte Cengio, 10;San Martino Di Lupari;;35018;1;1;80574;1;300;C;29404;;;;;PD
4;Michele Capone;Via Matera 83;Gravina in Puglia;;70024;1;1;80574;1;300;C;29405;;;;;BA
5;MARTINA CALISTRI;VIA RENATO FUCINI 25;PISTOIA;;51100;1;1;80574;1;300;C;29408;;;;;PT
6;Saverio Marena;via G.Giusti 3;torino;;10121;1;1;80574;1;300;C;26-08267-23069;;;;;TO
7;AUTONIZZA SAS;via nizza 147;torino;;10126;1;1;80574;1;300;C;17-08269-80425;;;;;TO
8;Carlo Ponticelli;via F.M.Briganti,324;Napoli;;80141;1;1;80574;1;300;C;13-08274-16867;;;;;NA
9;Carlo Ponticelli;via F.M.Briganti,324;Napoli;;80141;1;1;80574;1;300;C;13-08274-16867;;;;;NA
10;Openbike.it Srl;Via del Casale Santarelli 73D;roma;;00118;1;1;80574;1;300;C;16-08273-71468;;;;;RM
11;Stefano Giuriato;via Taranto n. 11;Creazzo;;36051;1;1;80574;1;300;C;09-08274-93181;;;;;VI
12;Vasyl Vasylash;via.Palermo 30 car Atelier Fiorano;Assago;;20090;1;1;80574;1;300;C;03-08278-64828;;;;;MI
13;Cinotti Francesco;S.Lucia n 61-A  Loc.Ripoli;Cascina - Pisa;;56023;1;1;80574;1;300;C;19-08276-99313;;;;;PI
14;Massimo Damiano;via kennedy 15;salerno;;84132;1;1;80574;1;300;C;21-08276-78359;;;;;SA
15;SERGIO BONFRATE;VIA ANTONIO TONZIG 7;PADOVA;;35129;1;1;80574;1;300;C;13-08279-01139;;;;;PD
16;Stefano Moi;via svizzera 62;quartu sant�elena;;09045;1;1;80574;1;300;C;15-08282-84748;;;;;CA
17;Davide Gallotti;Via Roma 62;Bresso;;20091;1;1;80574;1;300;C;14-08281-69522;;;;;MI
18;giuseppe radicci;p.zza berlinguer  52;gioia del colle;;70023;1;1;80574;1;300;C;19-08288-28273;;;;;BA
19;Giorgia De Martino;Via Pablo Picasso 22;Napoli;;80126;1;1;80574;1;300;C;27-08286-53286;;;;;NA
