VABRMN;VABRSD;VABIND;VABLOD;VABNZD;VABCAD;VABNCL;VABPKB;VABCCM;VABCBO;VABCTR;VABTSP;VABCAS;VABTIC;VABVCA;VABCTM;VABRD2;VABPRD
1;Valeria Barbaro;Via Pagliare, 3;S: Giorgio a Cremano;;80046;1;1;80574;1;300;C;402-5475421-7728323;;;;;NA
2;Francesca Moscetti;Viale Umberto I, 27;Assisi;;06081;1;1;80574;1;300;C;08-08038-34014;;;;;PG
3;ROBERTO PALLOTTA;Via Borgo da Monte 11;MONTEPRANDONE;;63076;1;1;80574;1;300;C;15-08036-93890;;;;;AP
4;Alessio Gigliotti c/o I.T.E.M. SRL;via francesco mancuso loc. Passovecchio;crotone;;88900;1;1;80574;1;300;C;02-08039-68839;;;;;KR
5;Bruno Di Domenico;via Via Scanno 2 Interno 2;collecorvino;;65010;1;1;80574;1;300;C;06-08038-79781;;;;;PE
6;Garro Nunzio;via XX Settembre 69;Canicattini Bagni;;96010;1;1;80574;1;300;C;12-08038-11328;;;;;SR
7;Tommaso Ambrosio;Lungomare Europa,9;Vieste;;71019;1;1;80574;1;300;C;03-08040-62995;;;;;FG
8;Olimpio Di Martino;Via Panoramica 172;Ercolano;;80056;1;1;80574;1;300;C;19-08040-91664;;;;;NA
9;Maurizio Manenti;Via Luigi Cadorna 13 int 13;Savona;;17100;1;1;80574;1;300;C;21-08040-03177;;;;;SV
10;CMD DI CARLINI GIUSEPPE;via Ponte 62;Verucchio;;47826;1;1;80574;1;300;C;05-08035-16165;;;;;RN
11;Rosario Angelo;Via Gesualdo Bufalino, 10;Valderice;;91019;1;1;80574;1;300;C;15-08046-58112;;;;;TP
12;Paoletti Marino;Via V.Salieri 3/C;Casalfiumanese;;40020;1;1;80574;1;300;C;01-08050-22461;;;;;BO
13;SIMONE DEZIO;VIA CANTARELLE 3/A;PIEVE A NIEVOLE;;51018;1;1;80574;1;300;C;06-08048-86154;;;;;PT
14;Sandro Pinna;Via vittorio veneto 55;Alghero;;07041;1;1;80574;1;300;C;17-08048-63034;;;;;SS
15;MASSIMO PROCOPIO;Via Luigi Settembrini, 18;Milano;;20124;1;1;80574;1;300;C;01-08051-31431;;;;;MI
16;MASSIMO PROCOPIO;Via Luigi Settembrini, 18;Milano;;20124;1;1;80574;1;300;C;01-08051-31431;;;;;MI
17;Alessandro Vasai;Via Roma 10;Loro Ciuffenna;;52024;1;1;80574;1;300;C;15-08052-96237;;;;;AR
18;Ettore Sicilia;corso Giuseppe Garibaldi 2/E;Cosenza;;87100;1;1;80574;1;300;C;09-08053-96637;;;;;CS
19;Dott. Turino Salvatore;Via Garibaldi n.61;Mirabella Imbaccari;;95040;1;1;80574;1;300;C;26-08049-95177;;;;;CT
20;Edoardo Angeli;Via del Biancospino 11;Gualdo Tadino;;06023;1;1;80574;1;300;C;23-08052-34937;;;;;PG
21;Michel Soldati presso Armeria F.lli  Zaffuto;Via Statale Regina 2738;Carlazzo;;22010;1;1;80574;1;300;C;13-08057-25286;;;;;CO
22;Daniele Veglianti;Via delle nerine 1;Anzio;;00042;1;1;80574;1;300;C;08-08057-69673;;;;;RM
23;Davide Lariccia;Via Valprato 26;Torino;;10155;1;1;80574;1;300;C;17-08055-08828;;;;;TO
24;roberto oggiano;via montegrappa 14 c/o magazzino ambrosiano group;tribiano;;20067;1;1;80574;1;300;C;04-08064-66331;;;;;MI
25;simone gazzani;strada amelia giove 68;amelia;;05022;1;1;80574;1;300;C;18-08059-98249;;;;;TR
26;Luca Viganò;c/o Carrefour Express - Bergamo-FP;BERGAMO;;24128;1;1;80574;1;300;C;21-08057-95509;;;;;BG
27;Pierluigi Dalfiume;VIA PAGNINA 4;BUBANO DI MORDANO;;40027;1;1;80574;1;300;C;29392;;;;;BO
28;Marco Rosson;via Michelangelo 10;Voghera;;27058;1;1;80574;1;300;C;29391;;;;;PV
29;Daniela Bellan;Via Raffaello Sanzio 9;Trecate;;28069;1;1;80574;1;300;C;16-08063-97989;;;;;NO
30;Orazio Sanfilippo;Via Piave 4;Altivole;;31030;1;1;80574;1;300;C;01-08069-03012;;;;;TV
31;Angelo Borreggine;Corso Roma 178;Massafra;;74016;1;1;80574;1;300;C;20-08064-62368;;;;;TA
32;Gianluca Corazzi;Via Caprera, 9;Perugia;;06129;1;1;80574;1;300;C;08-08069-28198;;;;;PG
33;Marco Irali;Via Gioacchino Rasponi, 16;Ravenna;;48121;1;1;80574;1;300;C;25-08067-45899;;;;;RA
34;Ylenia Perna;Via D. Vanello;Messina;;98124;1;1;80574;1;300;C;10-08069-94871;;;;;ME
35;PIERPAOLO NOTARO;VIA ENRICO MATTEI 2;TERMINI IMERESE;;90018;1;1;80574;1;300;C;05-08074-54408;;;;;PA
36;PIERPAOLO NOTARO;VIA ENRICO MATTEI 2;TERMINI IMERESE;;90018;1;1;80574;1;300;C;05-08074-54408;;;;;PA
37;PIERPAOLO NOTARO;VIA ENRICO MATTEI 2;TERMINI IMERESE;;90018;1;1;80574;1;300;C;05-08074-54408;;;;;PA
