VABRMN;VABRSD;VABIND;VABLOD;VABNZD;VABCAD;VABNCL;VABPKB;VABCCM;VABCBO;VABCTR;VABTSP;VABCAS;VABTIC;VABVCA;VABCTM;VABRD2;VABPRD
1;valeria montanino;via bosco di capodimonte n 81;napoli;;80131;1;1;80574;1;300;C;05-08132-34423;;;;;NA
2;Antonello Cannas;Via Benedetto Croce, 13;Castel d Azzano;;37060;1;1;80574;1;300;C;19-08131-10954;;;;;VR
3;Antonello Cannas;Via Benedetto Croce, 13;Castel d Azzano;;37060;1;1;80574;1;300;C;19-08131-10954;;;;;VR
4;tiziano probesi;francesco guicciardini 9;FONTE NUOVA;;00013;1;1;80574;1;300;C;14-08131-59500;;;;;RM
5;grazia curinga;Via Vittorio Veneto 17;Cittanova;;89022;1;1;80574;1;300;C;04-08135-43342;;;;;RC
6;Stefania Viale;via Pascarella 27;Terni;;05100;1;1;80574;1;300;C;24-08147-45271;;;;;TR
7;ANTONIO CAPORUSSO;VIA PIEMONTE 17;MONTALBANO JONICO;;75023;1;1;80574;1;300;C;01-08138-58602;;;;;MT
8;francesco zucca;via don milani 2;mazzano;;25080;1;1;80574;1;300;C;07-08135-82927;;;;;BS
9;le cadeau di r. sabatini;corso della repubblica 138;frosinone;;03100;1;1;80574;1;300;C;08-08135-91999;;;;;FR
10;Alessandro Papi;c/o Fotografo Rabatti;CastelfrancoPiandiscò;;52026;1;1;80574;1;300;C;16-08137-31899;;;;;AR
11;Auer Walter;pretzenberger weg 20;welschnofen;;39056;1;1;80574;1;300;C;13-08137-71520;;;;;BZ
12;veronica sanfilippo;Via Ormea 164;Torino;;10126;1;1;80574;1;300;C;26-08135-83381;;;;;TO
13;Eva Gorizia Greco;Via Max Fabiani 23;Gorizia;;34170;1;1;80574;1;300;C;12-08142-27465;;;;;GO
14;alessandro coluccelli;Via Dei Valtorta 4;Milano;;20127;1;1;80574;1;300;C;01-08144-86795;;;;;MI
15;Stefano Paglia;Via Mencaroni n.21;Foligno;;06034;2;1;80574;1;300;C;27-08138-93363;;;;;PG
16;Stefano Paglia;Via Mencaroni n.21;Foligno;;06034;2;1;80574;1;300;C;27-08138-93363;;;;;PG
17;Maurizio Lippi;via B.Croce 94;monteroni darbia;;53014;1;1;80574;1;300;C;10-08142-31007;;;;;SI
18;Francesca Gamberini;Via Rolette N 11;Ponderano;;13075;1;1;80574;1;300;C;03-08146-62675;;;;;BI
19;Sara Vaccari;Loc. Ischia, 10;Mori;;38065;1;1;80574;1;300;C;10-08143-50079;;;;;TN
20;AMANDA ROVRO;c/o Mercato delle occasioni-FP;SUSEGANA;;31058;1;1;80574;1;300;C;06-08145-06647;;;;;TV
21;Nicolae Lapteacru;via cesare lombroso 7;parma;;43123;1;1;80574;1;300;C;01-08148-25124;;;;;PR
22;Nicolae Lapteacru;via cesare lombroso 7;parma;;43123;1;1;80574;1;300;C;27-08142-72846;;;;;PR
