VABRMN;VABRSD;VABIND;VABLOD;VABNZD;VABCAD;VABNCL;VABPKB;VABCCM;VABCBO;VABCTR;VABTSP;VABCAS;VABTIC;VABVCA;VABCTM;VABRD2;VABPRD
1;silvio Cairoli;via europa 3;cirimido;;22070;1;1;80574;1;300;C;05-07945-04670;;;;;CO
2;Marco Barberis;Corso Quintino Sella, 72;Torino;;10132;1;1;80574;1;300;C;23-07939-86567;;;;;TO
3;Marco Barberis;Corso Quintino Sella, 72;Torino;;10132;1;1;80574;1;300;C;23-07939-86567;;;;;TO
4;Daniele Bovi;Via Pregiuntino 64;Santa Maria a Monte;;56020;1;1;80574;1;300;C;24-07952-38240;;;;;PI
5;Pietro Polidori;c/o Edicola De Simone Manuel-FP;ROMA;;00171;1;1;80574;1;300;C;24-07955-48946;;;;;RM
6;Pietro Polidori;c/o Edicola De Simone Manuel-FP;ROMA;;00171;1;1;80574;1;300;C;24-07955-48945;;;;;RM
7;michele corace;via tripoli43;strongoli;;88816;1;1;80574;1;300;C;19-07943-29244;;;;;KR
8;stefano gozzi;rondelli 9;modena;;41123;1;1;80574;1;300;C;26-07945-25065;;;;;MO
9;Lorenzo Belletati;Viale XXV Aprile 30;Ferrara;;44121;1;1;80574;1;300;C;19-07947-46644;;;;;FE
10;Lorenzo Belletati;Viale XXV Aprile 30;Ferrara;;44121;1;1;80574;1;300;C;19-07947-46644;;;;;FE
11;Lorenzo Belletati;Viale XXV Aprile 30;Ferrara;;44121;1;1;80574;1;300;C;19-07947-46644;;;;;FE
