VABRMN;VABRSD;VABIND;VABLOD;VABNZD;VABCAD;VABNCL;VABPKB;VABCCM;VABCBO;VABCTR;VABTSP;VABCAS;VABTIC;VABVCA;VABCTM;VABRD2;VABPRD
1;Leonardo cellura;Via Canova 5;licata;;92027;1;1;80574;1;300;C;02-08268-14633;;;;;AG
2;Raffaele Tripaldelli;Via Tasso 12 c/o API srl;San Nicola la Strada;;81020;1;1;80574;1;300;C;27-08262-64303;;;;;CE
3;Cinotti Francesco;S.Lucia n 61-A  Loc.Ripoli;Cascina - Pisa;;56023;1;1;80574;1;300;C;18-08267-28074;;;;;PI
4;ERMINIA CASADEI;VIA ARCO DEI PRIORI, 2;ASSISI;;06081;1;1;80574;1;300;C;24-08279-15540;;;;;PG
5;Devid Sbeghen;Vicolo Monte Cengio 10;San Martino di Lupari;;35018;1;1;80574;1;300;C;29409;;;;;PD
6;Devid Sbeghen;Vicolo Monte Cengio 10;San Martino di Lupari;;35018;1;1;80574;1;300;C;29409;;;;;PD
7;Devid Sbeghen;Vicolo Monte Cengio 10;San Martino di Lupari;;35018;1;1;80574;1;300;C;29409;;;;;PD
8;Devid Sbeghen;Vicolo Monte Cengio 10;San Martino di Lupari;;35018;1;1;80574;1;300;C;29409;;;;;PD
