VABRMN;VABRSD;VABIND;VABLOD;VABNZD;VABCAD;VABNCL;VABPKB;VABCCM;VABCBO;VABCTR;VABTSP;VABCAS;VABTIC;VABVCA;VABCTM;VABRD2;VABPRD
1;DEVID SBEGHEN;Vicolo Monte Cengio, 10;San Martino Di Lupari;;35018;1;1;80574;1;300;C;29404;;;;;PD
2;DEVID SBEGHEN;Vicolo Monte Cengio, 10;San Martino Di Lupari;;35018;1;1;80574;1;300;C;29404;;;;;PD
3;DEVID SBEGHEN;Vicolo Monte Cengio, 10;San Martino Di Lupari;;35018;1;1;80574;1;300;C;29404;;;;;PD
4;Michele Capone;Via Matera 83;Gravina in Puglia;;70024;1;1;80574;1;300;C;29405;;;;;BA
