VABRMN;VABRSD;VABIND;VABLOD;VABNZD;VABCAD;VABNCL;VABPKB;VABCCM;VABCBO;VABCTR;VABTSP;VABCAS;VABTIC;VABVCA;VABCTM;VABRD2;VABPRD
1;Cinzia Cavagna;Via Aurelia 107;Sanremo Bussana;;18038;1;1;80574;1;300;C;29396;;;;;IM
2;Terigi Alessandro;Piazza la Franca 6/10;Chiavari;;16043;1;1;80574;1;300;C;280868323014;;;;;GE
3;Terigi Alessandro;Piazza la Franca 6/10;Chiavari;;16043;1;1;80574;1;300;C;280868323014;;;;;GE
4;Terigi Alessandro;Piazza la Franca 6/10;Chiavari;;16043;1;1;80574;1;300;C;10-08159-64194;;;;;GE
5;Terigi Alessandro;Piazza la Franca 6/10;Chiavari;;16043;1;1;80574;1;300;C;10-08159-64194;;;;;GE
6;maurizio sechi;via s. barbara 14;villa san pietro;;09050;1;1;80574;1;300;C;29397;;;;;CA
7;Claudio Pozza;Via Sismondi 53;Milano;;20133;1;1;80574;1;300;C;19-08159-98091;;;;;MI
8;Adriano Cesano;Via Luigi de Campi, 2;Trento;;38121;1;1;80574;1;300;C;14-08163-48773;;;;;TN
9;Antonio Fiore;C.so Vittorio Emanuele, 19;Nocera Inferiore;;84014;1;1;80574;1;300;C;22-08161-10143;;;;;SA
10;Nicola Lo Conte Mazzoleni;Via Verdi 14;Bergamo;;24121;1;1;80574;1;300;C;12-08163-75430;;;;;BG
11;Giovanni Parietti;Via Gardale prima Trav.n7;Palazzolo s/O;;25036;1;1;80574;1;300;C;20-08163-80605;;;;;BS
12;Massimo Malacart;via Fosse Ardeatine 13;Castel Maggiore;;40013;1;1;80574;1;300;C;05-08166-71440;;;;;BO
13;francesca manfredi;contrada palombara 17;san giorgio albanese;;87060;1;1;80574;1;300;C;07-08165-53620;;;;;CS
14;Juan Garcia;Corso della repubblica 31c;Ferrera erbognone;;27032;1;1;80574;1;300;C;12-08167-61070;;;;;PV
15;Marina Conciatore;Via Novella di Sotto 1;Fosdinovo;;54035;1;1;80574;1;300;C;10-08167-58416;;;;;MS
16;Benaglia Alberto;Via Beccanti n° 12;Parma;;43124;1;1;80574;1;300;C;05-08173-53844;;;;;PR
