Kundennummer,EbayName,Versandart,Versandkosten,Zahlart,Firma,Anrede,Name,Strasse,Land,PLZ,Ort,Telefon,fax,email,auktionsgruppe,Lieferanschrift,LFirma,Lname,Lstrasse,Lplz,Lort,LLand,Gruppensumme,Zahlartenaufschlag,Versandgruppe,Gewicht,ReNr,EbayVersand,Zinfo,ISOLLand,ISOLand,EKNummer,Anschrift2,Lanschrift2,Logistikerversandart,Artikelnummer,Artikelname,EAN,MengeEAN,Bundesland,LBundesland,Memo,MarkierungsID,MengeProduktID,LTelefon,Produkt,Teilnahme
,,,,,"bernhard weiherer",,"hartweg 1a",,,93093,donaustauf,,,,,,,,,,,,,,,3,,,,DE,,,,,,708,,,,,,,,,,,
,,,,,"Sebastian Wenk",,"Neue Str. 27",,,61231,"Bad Nauheim",,,,,,,,,,,,,,,3,,,,DE,,,,,,1075,,,,,,,,,,,
,,,,,"Bülent Sönmez",,"Am Schmiedlacker 30d",Moniberg,,84028,Landshut,,,,,,,,,,,,,,,3,,,,DE,,,,,,159,,,,,,,,,,,
,,,,,"Nina Storch",,"Milseburg 8",,,36115,Hilders,,,,,,,,,,,,,,,3,,,,DE,,,,,,346,,,,,,,,,,,
