VABRMN;VABRSD;VABIND;VABLOD;VABNZD;VABCAD;VABNCL;VABPKB;VABCCM;VABCBO;VABCTR;VABTSP;VABCAS;VABTIC;VABVCA;VABCTM;VABRD2;VABPRD
1;matteo coccollone;VIA DEVOTO 38 PRATOSARDO;nuoro;;08100;1;1;80574;1;300;C;05-07508-88028;;;;;NU
3;Elbasraoui bouabid c/o Expedition Truck S.r.l.s.;Via Campocroce, 14;Gardigiano di Scorzé;;30037;1;1;80574;1;300;C;18-07506-79481;;;;;VE
4;Salvatore Del Pozzo;Via Giusti 2;Maruggio;;74020;1;1;80574;1;300;C;11-07509-59725;;;;;TA
5;antonio franchi;Lungomare matteotti 5/6;Borghetto Santo Spirito;;17052;1;1;80574;1;300;C;03-07510-42886;;;;;SV
6;Il volo del coleottero Il volo del coleottero;Via Tommaso Brogi 26;Avezzano;;67051;1;1;80574;1;300;C;04-07509-61964;;;;;AQ
7;Samantha Casablanca Campagna;Localitá Lido 18;Comune di Capoliveri;;57031;1;1;80574;1;300;C;12-07512-37315;;;;;LI
8;Stefano Marchesini/Trenti;via Alba n.63;Modena;;41125;1;1;80574;1;300;C;27-07511-58530;;;;;MO
9;ANGELA POLDI;STRADA STATALE 62 SUD 3/2;ROVERBELLA;;46048;1;1;80574;1;300;C;10-07514-33367;;;;;MN
10;Officina Costantini Fabio - Costantini Riccardo;Via val di sole 10;Nettuno;;00048;1;1;80574;1;300;C;21-07512-10874;;;;;RM
11;Gianvito Giordano;Via Giovanni Falcone e la sua scorta 2/D;Bitritto;;70020;1;1;80574;1;300;C;09-07520-91024;;;;;BA
12;Cristina Pina;Via Dora Baltea 9;Milano;;20161;1;1;80574;1;300;C;25-07516-35278;;;;;MI
13;Alessandro Greco;VIALE DELLA REPUBBLICA 140;COSENZA;;87100;1;1;80574;1;300;C;08-07520-12721;;;;;CS
14;Vincenzo  Germano;Via G. AMENDOLA;Follonica;;58022;1;1;80574;1;300;C;20-07515-66159;;;;;Gr
15;Bruno Fasulo;Via grifi n°4;Torre le nocelle;;83030;1;1;80574;1;300;C;11-07520-84685;;;;;AV
