Kundennummer,EbayName,Versandart,Versandkosten,Zahlart,Firma,Anrede,Name,Strasse,Land,PLZ,Ort,Telefon,fax,email,auktionsgruppe,Lieferanschrift,LFirma,Lname,Lstrasse,Lplz,Lort,LLand,Gruppensumme,Zahlartenaufschlag,Versandgruppe,Gewicht,ReNr,EbayVersand,Zinfo,ISOLLand,ISOLand,EKNummer,Anschrift2,Lanschrift2,Logistikerversandart,Artikelnummer,Artikelname,EAN,MengeEAN,Bundesland,LBundesland,Memo,MarkierungsID,MengeProduktID,LTelefon
,,,,,"Ursula LAGUERRE",,"28 rue Bernard Gante",,,93250,Villemomble,,,,,,,,,,,,,,,,,,,FR,,,,,,98,,,,,,,,,
,,,,,"Wolfgang Rathe",,"Mühlstr. 26",,,61381,Friedrichsdorf,,,,,,,,,,,,,,,,,,,DE,,,,,,630,,,,,,,,,
,,,,,"Amalia Chatziriga",,"St. Martin Str. 8",,,81541,München,,,,,,,,,,,,,,,,,,,DE,,,,,,609,,,,,,,,,
,,,,,"Sebastian  Wörner",,"Kaiser Wilhelm Ring 36","2 OG",,55118,Mainz,,,,,,,,,,,,,,,,,,,DE,,,,,,238,,,,,,,,,
,,,,,"SUPER U. ST LAURENT NOUAN ",,"ZONE DU PETIT FOUR, AVENUE DE S",,,41220,"ST LAURENT NOUAN",,,,,,,,,,,,,,,,,,,FR,,,,,,710,,,,,,,,,
,,,,,"SYLVIE FIGUIE",,"35 RUE VILLARS",,,30000,NIMES,,,,,,,,,,,,,,,,,,,FR,,,,,,644,,,,,,,,,
,,,,,"YOHAN NOEL",,"10 ALLEE D AUVERGNE",,,62200,"BOULOGNE SUR MER",,,,,,,,,,,,,,,,,,,FR,,,,,,569,,,,,,,,,
,,,,,"GERARD PITOLIN",,"6 RUE MICHEL FIGOUREUX",,,59122,GHYVELDE,,,,,,,,,,,,,,,,,,,FR,,,,,,569,,,,,,,,,
,,,,,"SABRINA FLORET",,"17 RUE DE TORCY",,,77400,"ST THIBAULT DES VIGNES",,,,,,,,,,,,,,,,,,,FR,,,,,,605,,,,,,,,,
,,,,,"FREDERIC FERRARI",,"149 BIS RUE FAUBOURG DU NORD",,,34130,MAUGUIO,,,,,,,,,,,,,,,,,,,FR,,,,,,638,,,,,,,,,
,,,,,"DANIELE BOCKTAELS",,"294 CHEMIN DE LA FLANDINE",,,83630,REGUSSE,,,,,,,,,,,,,,,,,,,FR,,,,,,282,,,,,,,,,
,,,,,"LAURENT LACHERE",,"49 RUE GEORGES CLEMENCEAU",,,62480,"LE PORTEL",,,,,,,,,,,,,,,,,,,FR,,,,,,86,,,,,,,,,
