VABRMN;VABRSD;VABIND;VABLOD;VABNZD;VABCAD;VABNCL;VABPKB;VABCCM;VABCBO;VABCTR;VABTSP;VABCAS;VABTIC;VABVCA;VABCTM;VABRD2;VABPRD
1;Elena Fortunato;via Montemaino 26/A;Pavia;;27100;1;1;80574;1;300;C;27-07897-54954;;;;;PV
2;marco simonelli;guido rossa 1;servigliano;;63839;1;1;80574;1;300;C;11-07901-15576;;;;;FM
3;DOMENICO SCHIPANI;Via Fara, 10;CANONICA D ADDA;;24040;1;1;80574;1;300;C;20-07898-85777;;;;;BG
4;Antonio Sangermano;Via del Poggiolo, 4;Torrita di Siena;;53049;1;1;80574;1;300;C;26-07897-40478;;;;;SI
5;Ugo Sindici;Via Alessandro Montagna, 10;Ostia Lido di Roma;;00121;1;1;80574;1;300;C;18-07901-25694;;;;;RM
6;ottavio costa;vico fonseca 31;napoli;;80135;1;1;80574;1;300;C;14-07902-75017;;;;;NA
7;davide cellamare;via sigieri 10;milano;;20135;1;1;80574;1;300;C;12-07904-71976;;;;;MI
8;Ernesto Rossi;Via Canazei 34;Roma;;00124;1;1;80574;1;300;C;06-07902-82570;;;;;RM
9;Federico Loreto;Via Silio Italico;Monte Porzio Catone;;00078;1;1;80574;1;300;C;27-07899-41600;;;;;RM
10;Fabiola Peciola;Via Domenico Arcangeli, 5;Spoleto;;06049;1;1;80574;1;300;C;29376;;;;;PG
