Kundennummer,EbayName,Versandart,Versandkosten,Zahlart,Firma,Anrede,Name,Strasse,Land,PLZ,Ort,Telefon,fax,email,auktionsgruppe,Lieferanschrift,LFirma,Lname,Lstrasse,Lplz,Lort,LLand,Gruppensumme,Zahlartenaufschlag,Versandgruppe,Gewicht,ReNr,EbayVersand,Zinfo,ISOLLand,ISOLand,EKNummer,Anschrift2,Lanschrift2,Logistikerversandart,Artikelnummer,Artikelname,EAN,MengeEAN,Bundesland,LBundesland,Memo,MarkierungsID,MengeProduktID,LTelefon,Produkt,Teilnahme
,,,,,"Massak Logistik GmbH",,"Siemensstr. 18","IT Abteilung",,96129,Strullendorf,,,,,,,,,,,,,,,3,,,,DE,,,,,,338,,,,,,,,,,,
,,,,,"Siegfried Fiedler",,"Landsberger Str.7","OT- Lohnsdorf",,06188,Landsberg,,,,,,,,,,,,,,,3,,,,DE,,,,,,708,,,,,,,,,,,
,,,,,"Dalibor Kojić",,"Lochbachstr. 36",,,87561,Oberstdorf,,,,,,,,,,,,,,,3,,,,DE,,,,,,159,,,,,,,,,,,
,,,,,"Jens Forkert",,"Puschkinstr. 24",,,02943,Weißwasser,,,,,,,,,,,,,,,3,,,,DE,,,,,,708,,,,,,,,,,,
,,,,,"Simone Ebel",,"Geiststr. 59",,,06108,Halle,,,,,,,,,,,,,,,3,,,,DE,,,,,,591,,,,,,,,,,,
,,,,,"Katy Kraska",,"Fichtestr. 27",,,39112,Magdeburg,,,,,,,,,,,,,,,3,,,,DE,,,,,,609,,,,,,,,,,,
,,,,,"Yusuf Seyrek",,"Böhmer Str 37 A",,,58095,Hagen,,,,,,,,,,,,,,,3,,,,DE,,,,,,500,,,,,,,,,,,
