VABRMN;VABRSD;VABIND;VABLOD;VABNZD;VABCAD;VABNCL;VABPKB;VABCCM;VABCBO;VABCTR;VABTSP;VABCAS;VABTIC;VABVCA;VABCTM;VABRD2;VABPRD
1;FOTO ZINI srl;centro ESP via Marco Bussato 40;RAVENNA;;48124;1;1;80574;1;300;C;10-07546-59826;;;;;RA
2;Duilio Antinori;v. del fuoco sacro 136 c/o Laboratorio TBM srl;Roma;;00133;1;1;80574;1;300;C;11-07547-68737;;;;;RM
3;Osvaldo Comite c/o A.E.R.E.;Via Carlo De Grossis 2H;Palermo;;90135;1;1;80574;1;300;C;05-07553-51737;;;;;PA
4;silvia nicolardi;c/o Tabacchi - Grugliasco-FP;GRUGLIASCO;;10095;1;1;80574;1;300;C;14-07553-60001;;;;;TO
5;ernesto martin;via tabacchi 7/e;chiarano;;31040;1;1;80574;1;300;C;16-07554-36085;;;;;TV
6;Massimiliano Natale;VIa Latina, 99;Roma;;00179;1;1;80574;1;300;C;26-07554-69028;;;;;RM
7;Emanuele Crescenzi;SP della Torretta;Acquapendente;;01021;1;1;80574;1;300;C;22-07554-41392;;;;;VT
8;Riccardo Fosson;c/o Stireria Lavasecco 2L La Tana-FP;AOSTA;;11100;1;1;80574;1;300;C;02-07563-67893;;;;;AO
9;Franco Pietrangeli;VICOLO GARIBALDI, 21;ROIATE;;00030;1;1;80574;1;300;C;08-07564-64443;;;;;RM
10;Sabina Fabiano;via bozzeto 21;montelupo f.no;;50056;1;1;80574;1;300;C;17-07563-37352;;;;;FI
11;Luca Persechino;Via dei Girasoli 25;roma;;00172;1;1;80574;1;300;C;21-07561-26715;;;;;RM
12;Mattia Curcio;Via roma 48;oulx;;10056;1;1;80574;1;300;C;15-07565-45458;;;;;TO
13;Raffaele  Merola;Via Del Pogettone 40;Castiglione Della PESCAIA;;58043;1;1;80574;1;300;C;17-07566-85295;;;;;GR
14;pierluca quintavalle;via coltura 18;polcenigo;;33070;1;1;80574;1;300;C;07-07572-50183;;;;;PN
15;fortunato giuseppe;via san lorenzo 23;bari;;70124;1;1;80574;1;300;C;16-07569-54030;;;;;BA
16;Antonio Specchio Feroldi;via canavere 42;Borgaro Torinese;;10071;1;1;80574;1;300;C;05-07573-48777;;;;;TO
17;alessandro tanganelli;Via Moscado Onesti;CASTIGLION FIORENTINO;;52043;1;1;80574;1;300;C;20-07571-29110;;;;;AR
18;Horst Brandt;Terhardthof 40;Dinslaken;;46539;1;1;80574;1;300;C;07-07592-33557;;;;;
19;giovanni faustinella;strada riserva del cardeto  290;latina;;04100;1;1;80574;1;300;C;20-07574-89438;;;;;LT
20;alfonso BOTTONE;VIA ZAMPARINI 3, POZZUOO DEL FRIULI;ud;;33050;1;1;80574;1;300;C;27-07582-35284;;;;;UD
21;fortunato giuseppe;via san lorenzo 23;bari;;70124;1;1;80574;1;300;C;13-07591-26973;;;;;BA
22;Zatti Luca;Viale Trieste n. 129;Udine;;33100;1;1;80574;1;300;C;27-07587-35463;;;;;UD
23;Zatti Luca;Viale Trieste n. 129;Udine;;33100;1;1;80574;1;300;C;27-07587-35462;;;;;UD
24;Piero Rucci;Via Vasto n. 3 - Fonte Veniero
Coop. La Torre;Castel Di Sangro;;67031;1;1;80574;1;300;C;16-07591-64417;;;;;AQ
25;riccardo;via cardinal de lai 1;magliano sabina;;02046;1;1;80574;1;300;C;407-7562037-2559544;;;;;RI
26;Antonio;Via tavernelle 27 bis;Cercola;;80040;1;1;80574;1;300;C;402-6162812-2589955;;;;;NA
27;Tommaso Agozzino - Sarah Morlando;viale delle rondini 30;sant'antimo;;80029;1;1;80574;1;300;C;406-6188780-4736369;;;;;NA
28;matteo landò;via aristotele 14;milano;;20128;1;1;80574;1;300;C;407-2911935-7930707;;;;;mi
29;tell lido;Berliner Str. 105;Essen;;45145;1;1;80574;1;300;C;10-07687-32172;;;;;
30;Rolf Dieck;Distelkamp 63;Herne;;44651;1;1;80574;1;300;C;13-07678-32105;;;;;
31;Cristian Melis;Maria Montessori,4;Falerone;;63837;1;1;80574;1;300;C;19-07657-28290;;;;;FM
32;Bianca Natale;via pietro carrese 55/A;CASTELLAMMARE DI STABIA;;80053;1;1;80574;1;300;C;26-07653-12785;;;;;NA
33;Scocca Terige;Contr.Fontana Messura n.10 s.s. 212 al Km 13;Pietrelcina;;82020;1;1;80574;1;300;C;06-07657-64520;;;;;BN
34;G.R.ELETTROFIAMMA Tamburrino Rosa;Via Giuseppe Verdi n 7,;Oppido Lucano;;85015;1;1;80574;1;300;C;22-07661-19431;;;;;PZ
35;francesco trapani;via simone cuccia 1;palermo;;90144;1;1;80574;1;300;C;03-07663-27138;;;;;
36;Maurizio Bruni;Via Boidi in Cantalupo, 74;Alessandria;;15122;1;1;80574;1;300;C;23-07665-60129;;;;;AL
37;Oreste Ferlinghetti;via F.lli  Lodrone   79;Concesio;;25062;1;1;80574;1;300;C;06-07669-01168;;;;;BS
38;mario natalino chirulli;via vittorio bachelet,24/26;ceglie messapica;;72013;1;1;80574;1;300;C;13-07666-33294;;;;;BR
39;vincenzo carpentiero;strada barchetta;modena;;41123;1;1;80574;1;300;C;23-07663-08390;;;;;MO
40;Fabio Giordano;c/o Officina Sciommeri dal 1964-FP;ROMA;;00151;1;1;80574;1;300;C;24-07669-57210;;;;;RM
41;FAEDDA LUCIANO;via NAZIONALE 20A;BOSA;;09089;1;1;80574;1;300;C;12-07676-75042;;;;;OR
42;giovanni montana;via edison;campobello di licata;;92023;1;1;80574;1;300;C;08-07674-57620;;;;;AG
43;ESTER VIRGILIO;VIALE DELLA RESISTENZA COM 12 N 6 C/O BAR TABACCHI SCAMPIA;NAPOLI;;80144;1;1;80574;1;300;C;23-07676-05240;;;;;NA
44;Claudia Biondi;Via Dei Platani 42;Fagagna;;33034;1;1;80574;1;300;C;22-07676-19997;;;;;UD
45;Francesco Vacca;Via Virgilio 96;Castellammare di Stabia;;80053;1;1;80574;1;300;C;18-07676-76077;;;;;NA
46;Michele Sartori;via strada della porciglia 173;Vicenza;;36100;1;1;80574;1;300;C;22-07676-69843;;;;;VI
47;Michele Sartori;via strada della porciglia 173;Vicenza;;36100;1;1;80574;1;300;C;14-07678-14498;;;;;VI
48;Chandra Giudice;Largo Straaburgo, 31;PALERMO;;90146;1;1;80574;1;300;C;20-07677-40268;;;;;PA
49;Michele Sartori;via strada della porciglia 173;Vicenza;;36100;1;1;80574;1;300;C;19-07677-40181;;;;;VI
50;sebastiano arduini;via Vittorio Olivieri 1a;Vignanello;;01039;1;1;80574;1;300;C;18-07683-52908;;;;;VT
51;Jovica  Karaica;Via San Paolo 6;Gonars;;33050;1;1;80574;1;300;C;03-07683-70052;;;;;UD
52;FAEDDA LUCIANO;via NAZIONALE 20A;BOSA;;09089;1;1;80574;1;300;C;25-07698-47256;;;;;OR
53;Vittorio Perla;c/o DM Recapiti Express-FP;CATANIA;;95127;1;1;80574;1;300;C;23-07698-94046;;;;;CT
54;barbara iemi;via visconti 6;Vaprio DAdda;;20069;1;1;80574;1;300;C;14-07700-71771;;;;;MI
55;Alessio Antenucci;via sant’ilario 7;cisterna di latina;;04012;1;1;80574;1;300;C;20-07701-11959;;;;;LT
56;Francesco Annunziata;via Fiorentina, 62;Prato;;59100;1;1;80574;1;300;C;09-07825-64345;;;;;PO
