VABRMN;VABRSD;VABIND;VABLOD;VABNZD;VABCAD;VABNCL;VABPKB;VABCCM;VABCBO;VABCTR;VABTSP;VABCAS;VABTIC;VABVCA;VABCTM;VABRD2;VABPRD
1;DEVID SBEGHEN;Vicolo Monte Cengio, 10;San Martino Di Lupari;;35018;1;1;80574;1;300;C;29404;;;;;PD
2;DEVID SBEGHEN;Vicolo Monte Cengio, 10;San Martino Di Lupari;;35018;1;1;80574;1;300;C;29404;;;;;PD
3;DEVID SBEGHEN;Vicolo Monte Cengio, 10;San Martino Di Lupari;;35018;1;1;80574;1;300;C;29404;;;;;PD
4;Michele Capone;Via Matera 83;Gravina in Puglia;;70024;1;1;80574;1;300;C;29405;;;;;BA
5;mattia iotti;via racagni 26;parma;;43123;1;1;80574;1;300;C;13-08253-90540;;;;;PR
6;Giorgio Calore;c/o TabacArt di Nordio Sandy-FP;PADOVA;;35128;1;1;80574;1;300;C;01-08254-98329;;;;;PD
7;Paride Pavone;Vivicastellaneta, via roma;castellaneta;;74011;1;1;80574;1;300;C;15-08254-71775;;;;;TA
8;Sonia Basile;Via delle colonne 4;Andora;;17051;1;1;80574;1;300;C;07-08260-58386;;;;;SV
9;MARTINA CALISTRI;VIA RENATO FUCINI 25;PISTOIA;;51100;1;1;80574;1;300;C;29408;;;;;PT
