VABRMN;VABRSD;VABIND;VABLOD;VABNZD;VABCAD;VABNCL;VABPKB;VABCCM;VABCBO;VABCTR;VABTSP;VABCAS;VABTIC;VABVCA;VABCTM;VABRD2;VABPRD
1;Biazzo Francesco;Via Don Minzoni n3;Nichelino;;10042;1;1;80574;1;300;C;407-4186097-3997935;;;;;TO
2;Pietro Leonori;largo dell Amba Aradam, 1;Roma;;00184;1;1;80574;1;300;C;406-0581421-5446737;;;;;RM
3;andrea francesco starnini;Via Arturo Toscanini 1;Druento;;10040;1;1;80574;1;300;C;171-8277869-0245922;;;;;TO
4;ECLI NICOLA;via Taormina 15;Verona;;37138;1;1;80574;1;300;C;408-4729288-3600356;;;;;VR
5;FRANCO MAMMANA;piazzale GUGLIELMO MARCONI, 7;BERGAMO;;24122;1;1;80574;1;300;C;403-3016835-1926719;;;;;BG
