VABRMN;VABRSD;VABIND;VABLOD;VABNZD;VABCAD;VABNCL;VABPKB;VABCCM;VABCBO;VABCTR;VABTSP;VABCAS;VABTIC;VABVCA;VABCTM;VABRD2;VABPRD
1;arcangelo sapienza;via calarossa nr 38 lotto 6d;terrasini;;90049;1;1;80574;1;300;C;10-07846-29991;;;;;PA
2;Massimo Gradara;via Fratelli Cairoli, 8/a;Bellaria-Igea Marina;;47814;1;1;80574;1;300;C;13-07847-18820;;;;;RN
3;Stefano Rappuoli;N. 25 PIAZZA XXIV Giugno;SARTEANO;;53047;1;1;80574;1;300;C;15-07846-43946;;;;;SI
4;Tiziana Lazzarini;Via Moncanino,18;San Mauro T.se;;10099;1;1;80574;1;300;C;16-07847-18638;;;;;TO
