Kundennummer,EbayName,Versandart,Versandkosten,Zahlart,Firma,Anrede,Name,Strasse,Land,PLZ,Ort,Telefon,fax,email,auktionsgruppe,Lieferanschrift,LFirma,Lname,Lstrasse,Lplz,Lort,LLand,Gruppensumme,Zahlartenaufschlag,Versandgruppe,Gewicht,ReNr,EbayVersand,Zinfo,ISOLLand,ISOLand,EKNummer,Anschrift2,Lanschrift2,Logistikerversandart,Artikelnummer,Artikelname,EAN,MengeEAN,Bundesland,LBundesland,Memo,MarkierungsID,MengeProduktID,LTelefon
,,,,,"Sun  Kwon Moon",,"AVENIDA DE ESCALERITA NUMERO 136 PISO BAJO-B",,,35011,"Las Palmas de Gran Canarias",650597235,,,,,,,,,,,,,,,,,,ES,,,,,,735,,,,,,,,,
,,,,,"Novix Shopping",,"Via Fornace 9/B",,,24050,"Mornico al Serio",3280563887,,,,,,,,,,,,,,,,,,IT,,,,,,998,,,,,,,,,
,,,,,"michele mazzucato",,"via g.galilei 99",,,35020,albignasego,049685124,,,,,,,,,,,,,,,,,,IT,,,,,,565,,,,,,,,,
,,,,,"JESSICA BALDUCCI",,"17 A RUE GUSTAVE EIFFEL",,,33160,"ST MEDARD EN JALLES",,,,,,,,,,,,,,,,,,,FR,,,,,,642,,,,,,,,,
