Kundennummer,EbayName,Versandart,Versandkosten,Zahlart,Firma,Anrede,Name,Strasse,Land,PLZ,Ort,Telefon,fax,email,auktionsgruppe,Lieferanschrift,LFirma,Lname,Lstrasse,Lplz,Lort,LLand,Gruppensumme,Zahlartenaufschlag,Versandgruppe,Gewicht,ReNr,EbayVersand,Zinfo,ISOLLand,ISOLand,EKNummer,Anschrift2,Lanschrift2,Logistikerversandart,Artikelnummer,Artikelname,EAN,MengeEAN,Bundesland,LBundesland,Memo,MarkierungsID,MengeProduktID,LTelefon
,,,,,"Pascal Hartrumpf",,"Stemmerstraße 18",,,31693,Hespe,,,,,,,,,,,,,,,,,,,DE,,,,,,303,,,,,,,,,
,,,,,"Vincent Ravbar",,"Erlenweg 7",,,49843,Uelsen,,,,,,,,,,,,,,,,,,,DE,,,,,,142,,,,,,,,,
,,,,,"Peggy-Belinda Stepien",,"Goebenstraße 30",,,44135,Dortmund,,,,,,,,,,,,,,,,,,,DE,,,,,,605,,,,,,,,,
,,,,,"Martin Kolbe",,"Bocksrüde 2","Apt. 11",,24398,Winnemark,,,,,,,,,,,,,,,,,,,DE,,,,,,743,,,,,,,,,
,,,,,"Renke Schwäke",,"Zur Lerchenheide 6",,,26939,Ovelgönne,,,,,,,,,,,,,,,,,,,DE,,,,,,166,,,,,,,,,
,,,,,"Ilona Domke",,"Bahnhofstraße 15",,,17367,Eggesin,,,,,,,,,,,,,,,,,,,DE,,,,,,763,,,,,,,,,
