VABRMN;VABRSD;VABIND;VABLOD;VABNZD;VABCAD;VABNCL;VABPKB;VABCCM;VABCBO;VABCTR;VABTSP;VABCAS;VABTIC;VABVCA;VABCTM;VABRD2;VABPRD
1;Pasticceria La Dolce Vita;Via Largo Margherita 59;Trepuzzi;;73019;1;1;80574;1;300;C;01-08192-71462;;;;;Italia
2;Guccini;Via Inghilterra;Livorno;;57128;1;1;80574;1;300;C;20-08188-43902;;;;;LI
3;roberto colombo;via de Sanctis 41;milano;;20141;1;1;80574;1;300;C;03-08192-04509;;;;;MI
4;Michela Erba;via Cesare Battisti 25;Brembate di Sopra;;24030;1;1;80574;1;300;C;25-08188-27850;;;;;BG
5;Michela Erba;via Cesare Battisti 25;Brembate di Sopra;;24030;1;1;80574;1;300;C;25-08188-27851;;;;;BG
6;Damiano Maio;Via Alessandro Manzoni, 26;PARABIAGO;;20015;1;1;80574;1;300;C;27-08187-50645;;;;;MI
7;Stefano Gavelli;Via Franco Franchini n.34;Imola;;40026;1;1;80574;1;300;C;26-08190-50922;;;;;BO
8;Angelo Donvito;Via Cavour 22;palagianello;;74018;1;1;80574;1;300;C;25-08195-40123;;;;;TA
